-- Insertar datos  en la tabla Carrera (únicamente ingeniería de sistemas)
INSERT INTO Carrera (id_carrera, nombre, descripcion) VALUES 
(1, 'Ingeniería en Sistemas', 'Carrera enfocada en el desarrollo de software y sistemas informáticos.')
ON CONFLICT (id_carrera) DO NOTHING;

-- Insertar datos en la tabla Estudiante
INSERT INTO Estudiante (id_estudiante, nombres, apellidos, fecha_nacimiento, id_carrera, email, telefono, direccion) VALUES 
(1, 'Luis', 'Bravo', '2002-12-23', 1, 'luis.bravo@javeriana.edu.com', '018005716603', 'Calle 5P # 74-92 Sur, 258261, Caparrapí, Cundinamarca'),
(2, 'Ana', 'Ortegon', '2003-10-30', 1, 'ana.ortegon@javeriana.edu.com', '3072520625', 'Cl. 97 # 5-6 Este, Casa 62, 522890, Sapuyes, Nariño'),
(3, 'Maria', 'Avellaneda', '2001-10-17', 1, 'maria.avellaneda@javeriana.edu.com', '+573248329102', 'Cr. 70W # 84K-54, Local 30, 813804, Arauca'),
(4, 'Juan', 'Sanchez', '2001-12-16', 1, 'juan.sanchez@javeriana.edu.com', '6011783521', 'Avenida calle 4ª # 7U-10 Este, 276397, El Litoral del San Juan, Chocó'),
(5, 'Paola', 'Arévalo', '2001-09-29', 1, 'londonorosa@example.org', '+57 606 759 06 60', 'Avenida carrera 18 # 43-10, 053140, Gómez Plata, Antioquia'),
(6, 'Fabián', 'Ramírez', '2004-06-21', 1, 'robinson16@example.org', '573237742369', 'Avenida Alexandra Restrepo # 5-6 Este, 158862, Tununguá, Boyacá'),
(7, 'Jesús', 'Arroyo', '2003-04-07', 1, 'nellyerazo@example.org', '57 325 167 63 61', 'Avenida calle 58 # 80-7 Este, Bodega 1, 151453, San Mateo, Boyacá'),
(8, 'Orlando', 'Vanegas', '2000-03-24', 1, 'heidy99@example.com', '(+57) 608 864 04 31', 'Carrera 3ª # 8Z-6 Este, Casa 4, 547209, Villa del Rosario, Norte de Santander'),
(9, 'Melissa', 'García', '1999-04-02', 1, 'vpuentes@example.org', '576086319709', 'Cl. 122E Bis E # 24-86 Este, Torre 9 apartamento 67, 150321, Villa de Leyva, Boyacá'),
(10, 'Lucero', 'López', '1999-02-26', 1, 'mariagarcia@example.org', '+573174412365', 'Av. Tatiana Angélica Leal # 78-17, Etapa 2 apartamento 6, 173451, Salamina, Caldas'),
(11, 'Rosa', 'Medina', '2004-08-04', 1, 'wmorales@example.org', '(+57)3234439358', 'Carrera 81 # 7-3 Este, Oficina 17, 150062, Úmbita, Boyacá'),
(12, 'Nelson', 'Guzmán', '1999-10-18', 1, 'estradablanca@example.com', '57 608 320 60 37', 'Carrera 46 # 1-48 Este, Bodega 10, 418360, Timaná, Huila'),
(13, 'Nelly', 'Hernández', '2002-05-23', 1, 'damianortega@example.com', '573283210650', 'Dg. 46 # 5-2 Sur, 152569, Samacá, Boyacá'),
(14, 'José', 'Becerra', '2004-08-14', 1, 'carlosmartinez@example.org', '01 8009 972 765', 'Cr. 16 # 41-96 Sur, Apartamento 5, 951151, El Retorno, Guaviare'),
(15, 'Adriana', 'Arias', '2000-10-13', 1, 'scaballero@example.com', '573157474666', 'Dg. 95 # 93-71 Este, 254383, Cajicá, Cundinamarca'),
(16, 'Elisa', 'Peña', '1999-09-07', 1, 'mesapatricia@example.org', '573052523019', 'Carrera 1Q Bis U # 10-3, 735124, Espinal, Tolima'),
(17, 'Elena', 'Díaz', '2005-10-23', 1, 'rtrujillo@example.org', '(+57) 605 815 47 65', 'Avenida Bolívar # 74-17, 082095, Polonuevo, Atlántico'),
(18, 'Fernanda', 'Vásquez', '2003-10-18', 1, 'clemenciacardona@example.com', '6023335921', 'Cr. 9ª # 59-45 Este, Torre 2 apartamento 685, 630470, Génova, Quindío'),
(19, 'Jessica', 'Guerrero', '1998-12-11', 1, 'agudelomaria@example.org', '(+57)3041308481', 'Av. carrera 4ª # 7-59, Oficina 827, 134951, Santa Cruz de Mompox, Bolívar'),
(20, 'Carlos', 'Buitrago', '2006-05-24', 1, 'vasquezalexander@example.org', '313 650 58 48', 'Calle 76 # 3-89 Este, Etapa 3 apartamento 33, 477995, Santa Bárbara de Pinto, Magdalena'),
(21, 'Jesús', 'Cantillo', '2005-10-15', 1, 'joseortiz@example.com', '(+57)6064340109', 'Cl. 8ª # 3-88, Etapa 1 apartamento 8, 059510, Briceño, Antioquia'),
(22, 'Delia', 'Pérez', '2004-05-24', 1, 'gbustos@example.com', '306 989 33 16', 'Calle 118 Sur # 34W-33 Sur, Torre 1 apartamento 375, 084099, Galapa, Atlántico'),
(23, 'Johnny', 'García', '2002-05-01', 1, 'jpinzon@example.org', '576097299257', 'Cl. 45 # 25-4 Sur, Apartamento 44, 251609, Medina, Cundinamarca'),
(24, 'Michael', 'Erazo', '2002-08-13', 1, 'simon96@example.org', '+57 309 898 58 44', 'Diagonal 8O # 6-26 Sur, 188153, Florencia'),
(25, 'Luz', 'Vallejo', '2001-05-03', 1, 'javiergonzalez@example.com', '325 331 83 18', 'Carrera 125 # 13F-46 Este, 861270, Colón, Putumayo'),
(26, 'Angélica', 'Flórez', '2002-03-26', 1, 'josesanchez@example.com', '6068985437', 'Av. La Calera # 3-85, 057879, Caucasia, Antioquia'),
(27, 'Marcela', 'García', '1999-07-13', 1, 'victormontenegro@example.org', '576023930763', 'Cl. 12 # 9-57 Este, 153262, Covarachía, Boyacá'),
(28, 'Ana', 'Henao', '2003-05-16', 1, 'fernandamoreno@example.org', '57 606 388 81 07', 'Calle 17Y # 1-58 Este, Apto. 46, 254334, Tausa, Cundinamarca'),
(29, 'Lucía', 'Muñoz', '1999-03-16', 1, 'gladysbernal@example.com', '604 847 90 35', 'Av. Mercedes María Orozco González # 5-5 Sur, Bodega 59, 185315, Valparaíso, Caquetá'),
(30, 'Alejandra', 'Moreno', '1999-11-03', 1, 'mesaguillermo@example.net', '3250283577', 'Calle 22 # 13-45 Sur, 523283, Sapuyes, Nariño'),
(31, 'Andrea', 'Ojeda', '2002-06-24', 1, 'rengifojuan@example.com', '573274818005', 'Carrera 28 # 4-5 Este, 276693, Riosucio, Chocó'),
(32, 'Andrés', 'López', '2001-07-09', 1, 'diego19@example.com', '57 604 493 99 63', 'Carrera 90A # 3-94 Este, 050893, Caldas, Antioquia'),
(33, 'Jorge', 'Contreras', '2006-03-21', 1, 'sportilla@example.org', '57 307 230 17 81', 'Carrera 3ª # 8-22 Sur, 057575, Jardín, Antioquia'),
(34, 'Johan', 'Ramírez', '2002-04-29', 1, 'mhernandez@example.com', '(+57)3022444612', 'Cl. 47 # 6-9 Sur, Local 21, 681910, Sucre, Santander'),
(35, 'Alberto', 'Parra', '2002-05-12', 1, 'miltonvasquez@example.org', '(+57)6097246409', 'Cl. 5F # 13-39 Este, 152182, Saboyá, Boyacá'),
(36, 'Yadira', 'Barrera', '1999-08-25', 1, 'tguzman@example.org', '+57 300 611 41 83', 'Dg. 152Z # 49-60, Bodega 86, 763438, Tuluá, Valle del Cauca'),
(37, 'Alexandra', 'Triana', '2005-01-06', 1, 'ruizmery@example.net', '+576059910867', 'Tr. 68 # 18H-80 Sur, Apto. 620, 057017, Envigado, Antioquia'),
(38, 'Andrey', 'Bautista', '1999-06-29', 1, 'shernandez@example.org', '57 319 902 63 42', 'Cr. 91 # 10-65 Este, Apto. 2, 479095, Santa Marta'),
(39, 'María', 'Bohórquez', '2004-10-19', 1, 'srivera@example.org', '607 714 56 44', 'Av. calle 6ª # 63-88 Sur, Casa 30, 083546, Palmar de Varela, Atlántico'),
(40, 'Gabriela', 'Álvarez', '2003-12-11', 1, 'hugo90@example.org', '+57 328 866 20 69', 'Cl. 53S # 2-5 Este, 152387, Firavitoba, Boyacá'),
(41, 'César', 'Romero', '2001-08-14', 1, 'aceballos@example.org', '606 764 13 23', 'Cl. 13C # 3-96, Etapa 9 apartamento 4, 735209, Melgar, Tolima'),
(42, 'Leandro', 'Quintero', '1999-05-03', 1, 'luis52@example.com', '609 105 77 07', 'Carrera 59 # 65-9 Este, 051633, Liborina, Antioquia'),
(43, 'Zoraida', 'Rodríguez', '2001-09-04', 1, 'alejandroguerra@example.com', '(+57) 313 718 79 39', 'Avenida Gómez # 48Y-3 Sur, 477073, San Zenón, Magdalena'),
(44, 'Jesús', 'López', '1999-10-17', 1, 'beltranjaime@example.net', '3218805731', 'Cl. 74 # 92-42 Sur, Bodega 772, 958554, El Retorno, Guaviare'),
(45, 'Helena', 'Tamayo', '2001-07-02', 1, 'lcortes@example.net', '327 272 84 06', 'Cr. 17 # 15-2, 254239, La Palma, Cundinamarca'),
(46, 'Sandra', 'Salazar', '2004-03-26', 1, 'vospina@example.org', '318 086 71 35', 'Calle 197M # 2-83 Este, 139546, El Guamo, Bolívar'),
(47, 'Esneider', 'Delgado', '2003-02-06', 1, 'sonia62@example.com', '+573226857328', 'Carrera 188H # 4X-6, Apartamento 4, 055740, San Carlos, Antioquia'),
(48, 'Felipe', 'Valencia', '2001-04-26', 1, 'mendozaalfredo@example.net', '01 8007 503 562', 'Cl. 64 # 76Q-73 Sur, Casa 3, 084831, Santo Tomás, Atlántico'),
(49, 'Fernanda', 'Cardona', '1998-08-15', 1, 'ojedaeduard@example.net', '+576062605991', 'Av. Rojas # 83-2 Este, 059790, Nariño, Antioquia'),
(50, 'Aurelio', 'Alvarado', '2002-06-06', 1, 'jose25@example.com', '(+57) 307 629 78 37', 'Av. carrera 56 # 4-2, Bodega 45, 137134, Turbaco, Bolívar'),
(51, 'Virginia', 'Naranjo', '2001-02-10', 1, 'steven35@example.com', '573163329773', 'Cl. 140 # 9-9, 768218, Alcalá, Valle del Cauca'),
(52, 'Patricia', 'Bravo', '2003-01-17', 1, 'esperanza32@example.com', '576076915622', 'Cr. 9ª # 11Q-14 Sur, Apartamento 61, 257248, Cáqueza, Cundinamarca'),
(53, 'Alberto', 'Saavedra', '1998-11-15', 1, 'palaciossandra@example.net', '57 303 100 16 53', 'Cl. 48 # 9-7 Sur, 053274, Argelia, Antioquia'),
(54, 'Johan', 'Amaya', '2000-08-30', 1, 'mendezmarino@example.org', '018002657601', 'Avenida carrera 1ª # 1-9, 689740, Encino, Santander'),
(55, 'Luz', 'Lozano', '2005-10-07', 1, 'oscarmorales@example.org', '+57 327 622 84 21', 'Cr. 116 # 95-5 Sur, Local 35, 549838, San Cayetano, Norte de Santander'),
(56, 'Juliana', 'Manrique', '2002-12-18', 1, 'juanvalencia@example.com', '57 317 549 42 03', 'Cr. 75 # 9-73 Este, Apartamento 9, 183353, La Montañita, Caquetá'),
(57, 'Helena', 'Pérez', '2004-07-07', 1, 'carlos84@example.net', '+573212070160', 'Avenida Efrén Durán Hernández # 8-5, 151161, El Espino, Boyacá'),
(58, 'Argemiro', 'Rico', '2005-12-19', 1, 'rosalbamorales@example.net', '828 92 14', 'Calle 41M # 6L-7 Este, 475870, Zona Bananera, Magdalena'),
(59, 'Eduardo', 'Roa', '2003-04-20', 1, 'edinson12@example.net', '380 06 49', 'Carrera 54X # 79G-7, Apto. 41, 052143, Angelópolis, Antioquia'),
(60, 'Fernando', 'Vargas', '2004-08-13', 1, 'edinsonbonilla@example.com', '3107155358', 'Carrera 5ª # 71-44 Sur, Torre 9 apartamento 97, 851889, La Salina, Casanare'),
(61, 'Jhony', 'Restrepo', '2004-03-15', 1, 'mvilla@example.org', '01 8002 968 748', 'Avenida Amazonas # 52-6 Este, Bodega 82, 135332, San Estanislao, Bolívar'),
(62, 'Graciela', 'Morales', '2003-05-15', 1, 'anguloguillermo@example.net', '844 02 29', 'Cr. 22 # 67-84 Sur, Etapa 6 apartamento 75, 441403, Maicao, La Guajira'),
(63, 'Enrique', 'Mendoza', '2003-12-09', 1, 'claudia99@example.org', '+57 603 481 45 15', 'Cl. 3E # 7A-93 Sur, Etapa 2 apartamento 82, 252365, Chipaque, Cundinamarca'),
(64, 'Nelson', 'Luna', '2001-09-13', 1, 'alexislondono@example.net', '(+57) 607 881 51 21', 'Tr. 4 Bis D # 4-59, Torre 4 apartamento 29, 056029, Jardín, Antioquia'),
(65, 'Patricia', 'Bedoya', '2005-05-14', 1, 'gloriaherrera@example.net', '573015328376', 'Av. Ortiz # 65-3 Este, 682764, Palmas del Socorro, Santander'),
(66, 'Carolina', 'Villamizar', '2002-11-24', 1, 'garciaalejandro@example.org', '(+57)6085697073', 'Cr. 38 # 43H-27 Este, 256223, Fusagasugá, Cundinamarca'),
(67, 'Óscar', 'Cáceres', '2004-07-30', 1, 'ngutierrez@example.net', '3124638978', 'Cr. 8ª # 35-9 Este, Torre 9 apartamento 49, 155815, Chivor, Boyacá'),
(68, 'Martha', 'Pérez', '2002-07-30', 1, 'perezantonio@example.net', '+573247925120', 'Avenida calle 37 # 31-14 Sur, Local 2, 138518, Cicuco, Bolívar'),
(69, 'Paola', 'García', '2002-05-25', 1, 'amayacarlos@example.org', '57 306 085 21 64', 'Diagonal 18 Bis # 5-68 Este, 258166, Villapinzón, Cundinamarca'),
(70, 'Arturo', 'Velasco', '2004-01-21', 1, 'hernandoromero@example.net', '+576016133002', 'Avenida calle 70 # 92-83 Este, Etapa 7 apartamento 6, 764067, Guacarí, Valle del Cauca'),
(71, 'Isabel', 'Díaz', '2004-07-15', 1, 'qrendon@example.com', '573031919990', 'Calle 9V # 21-9 Sur, 681742, Jesús María, Santander'),
(72, 'Isabel', 'Rodríguez', '1999-03-06', 1, 'rocio43@example.org', '57 308 817 06 15', 'Cr. 74X Bis L # 1-28 Sur, Apto. 853, 058209, Olaya, Antioquia'),
(73, 'Edwin', 'Pineda', '2000-08-25', 1, 'joserodriguez@example.org', '(+57)3245260641', 'Cr. 18 # 7-7 Este, 136583, Tiquisio, Bolívar'),
(74, 'Manuel', 'Betancur', '2000-03-16', 1, 'andresalfonso@example.com', '+57 318 019 49 91', 'Cr. 3D # 8-7, Apartamento 54, 662544, Pueblo Rico, Risaralda'),
(75, 'Sandra', 'Fonseca', '1999-03-06', 1, 'fsandoval@example.net', '(+57) 323 242 65 62', 'Avenida García # 57-97 Este, Bodega 65, 702221, El Roble, Sucre'),
(76, 'Gregorio', 'Montes', '2002-12-26', 1, 'rivascecilia@example.com', '+576054997322', 'Calle 13 # 1-28, Local 19, 195173, Padilla, Cauca'),
(77, 'José', 'Jiménez', '2005-06-27', 1, 'bochoa@example.com', '3205527334', 'Cr. 181 # 8-9, Oficina 56, 412519, Garzón, Huila'),
(78, 'Carlos', 'Patiño', '2002-03-31', 1, 'sandovalpablo@example.net', '(+57) 307 285 86 18', 'Cl. 25 # 23-43, Local 81, 236311, Canalete, Córdoba'),
(79, 'Manuel', 'Flórez', '1998-11-07', 1, 'joseramirez@example.net', '313 714 72 19', 'Cl. 66 # 6N-92 Este, 253298, Guachetá, Cundinamarca'),
(80, 'Luis', 'Caicedo', '2000-04-21', 1, 'gabriela13@example.com', '57 300 953 16 74', 'Cl. 8K # 68-6 Sur, 259494, Cucunubá, Cundinamarca'),
(81, 'Fernando', 'Silva', '2002-10-23', 1, 'vegacristhian@example.net', '57 329 259 24 14', 'Cr. 195 # 36D-68 Sur, 193608, Piamonte, Cauca'),
(82, 'Luis', 'Rojas', '1998-10-06', 1, 'merygarzon@example.org', '(+57)3040786260', 'Calle 32 # 28-3 Este, Casa 98, 867811, San Francisco, Putumayo'),
(83, 'Heidy', 'Moreno', '2000-04-09', 1, 'qhenao@example.net', '57 324 516 71 93', 'Cl. 50 # 1-9 Sur, 250211, Supatá, Cundinamarca'),
(84, 'Abel', 'Vargas', '1999-05-26', 1, 'prietomaria@example.org', '300 797 95 43', 'Cl. 176P # 8-9 Sur, 730315, Valle de San Juan, Tolima'),
(85, 'Antonio', 'Martínez', '2001-10-03', 1, 'armando64@example.org', '57 310 545 55 40', 'Cr. 85 # 90-1, Apto. 60, 528629, Albán, Nariño'),
(86, 'Maribel', 'Martínez', '2004-12-01', 1, 'camilo37@example.net', '3014009292', 'Cr. 192K # 4-74 Sur, 913668, Puerto Alegría, Amazonas'),
(87, 'María', 'Perea', '2002-10-16', 1, 'tcruz@example.net', '57 609 137 19 30', 'Calle 48B Sur # 29-70, 188748, Milán, Caquetá'),
(88, 'Alexander', 'Valderrama', '2000-06-27', 1, 'adrianapolo@example.com', '57 607 369 32 10', 'Carrera 90X # 7-27 Este, 543107, Puerto Santander, Norte de Santander'),
(89, 'Humberto', 'Silva', '2003-08-14', 1, 'alberto92@example.net', '018007680015', 'Avenida carrera 7ª # 15-76 Este, 738964, San Sebastián de Mariquita, Tolima'),
(90, 'Adriana', 'Sierra', '2002-01-10', 1, 'mariarestrepo@example.com', '(+57)3150424059', 'Av. Yuly Nidia Zuluaga # 88-8, 259925, Tocaima, Cundinamarca'),
(91, 'Ángela', 'Mosquera', '2006-07-09', 1, 'hfonseca@example.org', '+57 323 607 36 81', 'Carrera 48 # 64O-9 Este, 471245, Puebloviejo, Magdalena'),
(92, 'Luis', 'Pacheco', '2004-09-27', 1, 'anaflorez@example.com', '324 905 52 66', 'Carrera 65 Este # 48-2 Sur, Apartamento 41, 152793, Busbanzá, Boyacá'),
(93, 'Manuel', 'Pardo', '2004-02-22', 1, 'sposada@example.net', '3246763551', 'Av. carrera 25 # 96M-9 Sur, Bodega 889, 159335, Chivatá, Boyacá'),
(94, 'Elisa', 'Martínez', '2005-12-25', 1, 'diegovelez@example.com', '57 310 910 65 25', 'Cr. 193 # 64N-7, Local 3, 152532, Úmbita, Boyacá'),
(95, 'Diego', 'Contreras', '2001-05-09', 1, 'diego67@example.org', '3276599632', 'Cl. 3ª # 88X-5 Este, Torre 5 apartamento 5, 154237, Sativanorte, Boyacá'),
(96, 'Helena', 'Palacios', '1998-08-06', 1, 'jhoan40@example.net', '3000008536', 'Av. calle 1ª # 4Q-4 Sur, Casa 85, 233750, Montelíbano, Córdoba'),
(97, 'Víctor', 'Álvarez', '2006-04-27', 1, 'rriascos@example.com', '(+57)3243743250', 'Calle 141 # 7-18 Sur, 661681, Santuario, Risaralda'),
(98, 'Sebastián', 'Flórez', '2002-05-21', 1, 'pgarces@example.org', '+573098495880', 'Av. calle 39 # 4-53 Sur, Casa 36, 157234, Tunja'),
(99, 'Daniela', 'Rivera', '2002-03-10', 1, 'marlenylopez@example.net', '57 608 136 70 26', 'Av. carrera 8ª # 80N-7 Sur, 150493, Sogamoso, Boyacá'),
(100, 'Paula', 'Alzate', '2003-12-02', 1, 'jrojas@example.com', '601 644 01 14', 'Dg. 137 Bis K # 72P-6 Sur, Bodega 8, 051249, Amagá, Antioquia'),
(101, 'Angie', 'Garzón', '2001-04-06', 1, 'guzmanjavier@example.net', '304 472 39 31', 'Cr. 24 # 85B-45 Este, 764753, Buenaventura, Valle del Cauca'),
(102, 'Yina', 'Ruiz', '2002-01-05', 1, 'hernandoarias@example.com', '57 609 302 51 29', 'Transversal 54 # 4-98 Sur, 052026, Copacabana, Antioquia'),
(103, 'Rafael', 'Álvarez', '1999-11-08', 1, 'tatiana28@example.com', '(+57) 308 748 20 49', 'Carrera 70 # 3-27 Este, 180515, Milán, Caquetá'),
(104, 'Yulieth', 'Triana', '2001-06-04', 1, 'rnavarro@example.com', '3515570', 'Calle 95 # 94-81, Apto. 3, 174211, Palestina, Caldas'),
(105, 'José', 'Sánchez', '2001-09-21', 1, 'escobarjohanna@example.org', '310 219 42 94', 'Diagonal 116 # 55-4, 176925, Manzanares, Caldas'),
(106, 'Carlos', 'Marín', '2002-07-27', 1, 'utorres@example.com', '57 318 117 47 57', 'Calle 110L # 7-2 Sur, 253775, Gama, Cundinamarca'),
(107, 'Johanna', 'Martínez', '2006-05-31', 1, 'martha58@example.org', '(+57)3253082065', 'Carrera 188G Sur # 3-1 Este, Local 18, 054384, Guarne, Antioquia'),
(108, 'Emerson', 'Rodríguez', '2000-02-04', 1, 'elsy63@example.com', '+57 328 013 26 18', 'Av. Bedoya # 43-7 Este, 180421, Solano, Caquetá'),
(109, 'María', 'Lozano', '2000-03-03', 1, 'sonia85@example.com', '+573122323828', 'Avenida Caldas # 80G-2, Oficina 84, 665473, La Celia, Risaralda'),
(110, 'José', 'Rodríguez', '2004-12-22', 1, 'iramirez@example.com', '576096956810', 'Cr. 92 # 23-3 Este, Apartamento 18, 153432, Almeida, Boyacá'),
(111, 'William', 'Fernández', '2002-08-25', 1, 'blancarubio@example.org', '700 13 12', 'Avenida carrera 193 # 7-2, Oficina 527, 689726, Oiba, Santander'),
(112, 'Alfonso', 'Guerra', '2001-01-18', 1, 'rivascarlos@example.org', '(+57) 604 319 85 38', 'Carrera 83 # 32-51 Este, 157697, Moniquirá, Boyacá'),
(113, 'Alberto', 'Giraldo', '2003-08-31', 1, 'luis91@example.org', '57 315 658 08 91', 'Carrera 72S # 10-75, 259365, Guayabal de Síquima, Cundinamarca'),
(114, 'Miguel', 'Jaimes', '1998-09-28', 1, 'bcuesta@example.net', '+57 301 132 40 80', 'Diagonal 46 # 1-7, Etapa 2 apartamento 4, 763636, La Cumbre, Valle del Cauca'),
(115, 'Alberto', 'Agudelo', '2001-09-28', 1, 'adriana35@example.net', '3295415299', 'Cr. 50 # 1-3, 501186, Puerto Lleras, Meta'),
(116, 'Alicia', 'Ramos', '2005-06-13', 1, 'jhoana48@example.com', '+573277201093', 'Cl. 26 # 82D-9 Este, Casa 84, 054620, Yolombó, Antioquia'),
(117, 'Diana', 'Jiménez', '2003-12-15', 1, 'michaelmurillo@example.com', '+57 318 906 46 58', 'Dg. 66 # 2F-65, 504006, El Dorado, Meta'),
(118, 'Isaac', 'Contreras', '2002-01-15', 1, 'julianocampo@example.org', '573249479096', 'Cl. 4U # 5-49 Este, 257836, Cajicá, Cundinamarca'),
(119, 'Giovanny', 'Sánchez', '2003-06-12', 1, 'pilarbarreto@example.com', '328 062 78 80', 'Cl. 58 # 17-64, Oficina 71, 668628, Santuario, Risaralda'),
(120, 'Milena', 'Torres', '2005-03-12', 1, 'torresangela@example.org', '573074332387', 'Avenida carrera 183 # 48-57 Sur, Local 89, 686087, Charalá, Santander'),
(121, 'Héctor', 'Jiménez', '1999-08-12', 1, 'mariaacevedo@example.org', '(+57) 325 259 18 87', 'Calle 3ª # 83C-87 Sur, Apto. 294, 762339, Tuluá, Valle del Cauca'),
(122, 'Armando', 'Gamboa', '2004-03-28', 1, 'janneth57@example.net', '(+57) 300 527 25 18', 'Carrera 86 # 6-38 Este, 522716, Santa Bárbara, Nariño'),
(123, 'Adolfo', 'Osorio', '2004-02-08', 1, 'sanchezangela@example.org', '(+57) 302 937 01 38', 'Cl. 20 # 8-9 Este, 471543, Sabanas de San Ángel, Magdalena'),
(124, 'Johan', 'García', '2000-08-13', 1, 'tulianaranjo@example.org', '681 57 06', 'Carrera 7ª # 83Q-18, 135510, Soplaviento, Bolívar'),
(125, 'Nelcy', 'Ríos', '2004-09-06', 1, 'btorres@example.net', '+573266095607', 'Cl. 6ª # 15-64 Este, 411955, Algeciras, Huila'),
(126, 'David', 'Vélez', '2001-12-27', 1, 'sebastianguerrero@example.net', '(+57)6059153299', 'Av. carrera 182 # 5-4, Apartamento 211, 412328, Neiva'),
(127, 'Daniel', 'Ramírez', '1998-09-14', 1, 'estebanrodriguez@example.com', '(+57)3268220131', 'Cr. 198 # 58-2, Etapa 1 apartamento 86, 736654, Honda, Tolima'),
(128, 'Samuel', 'Galvis', '2001-12-20', 1, 'jpalacio@example.net', '3184530654', 'Carrera 70 # 9-3, Casa 79, 684134, San José de Miranda, Santander'),
(129, 'Juan', 'Hernández', '2000-09-10', 1, 'maria77@example.com', '3068714430', 'Avenida calle 26 # 1Q-8, Apartamento 1, 528984, La Llanada, Nariño'),
(130, 'María', 'Osorio', '2000-08-11', 1, 'john40@example.com', '576036396018', 'Carrera 73 # 99-8 Sur, Bodega 2, 171983, Neira, Caldas'),
(131, 'Daniel', 'Palacios', '2004-03-14', 1, 'andresvillamizar@example.com', '342 56 80', 'Cr. 71 # 6-9, Bodega 6, 159704, Gachantivá, Boyacá'),
(132, 'Nelson', 'Rodríguez', '2001-10-07', 1, 'smithrojas@example.net', '01 8009 452 498', 'Carrera 5ª # 54-65 Sur, 700442, Sincelejo'),
(133, 'Julieth', 'Sánchez', '2002-08-09', 1, 'ramirezricardo@example.org', '3071113885', 'Calle 134O # 6-50, 545436, Bochalema, Norte de Santander'),
(134, 'Gerardo', 'Sandoval', '2001-06-15', 1, 'yolandalara@example.org', '312 085 26 56', 'Calle 7ª # 21-2, 137929, Barranco de Loba, Bolívar'),
(135, 'Antonio', 'Rojas', '2002-03-06', 1, 'pocampo@example.org', '57 325 180 52 40', 'Carrera 13 # 9-30, 959491, San José del Guaviare'),
(136, 'Julio', 'Amaya', '2002-09-30', 1, 'moralespaula@example.com', '576085542106', 'Carrera 4ª # 75D-99, 230645, Tuchín, Córdoba'),
(137, 'Gabriel', 'González', '2005-10-16', 1, 'gabrielmartinez@example.net', '(+57) 608 674 81 96', 'Carrera 2 Sur # 11-9 Sur, 055793, El Santuario, Antioquia'),
(138, 'María', 'Arenas', '2000-10-06', 1, 'edgar48@example.org', '303 694 51 62', 'Av. calle 181 # 2-3, Apartamento 9, 056207, Armenia, Antioquia'),
(139, 'Paola', 'Ramos', '2005-10-10', 1, 'edinsonrojas@example.net', '573062144036', 'Avenida calle 109 # 5-1, 082031, Tubará, Atlántico'),
(140, 'Maricela', 'Amaya', '2004-03-15', 1, 'medinaedwin@example.net', '(+57) 324 201 61 26', 'Cl. 114 # 14O-19 Sur, Oficina 41, 413734, Algeciras, Huila'),
(141, 'Salvador', 'Suárez', '2000-03-29', 1, 'imartinez@example.org', '3216560260', 'Av. calle 164 # 1-8 Sur, Apartamento 14, 505191, Villavicencio'),
(142, 'Héctor', 'León', '2001-12-01', 1, 'mariatrujillo@example.org', '01 8009 451 710', 'Avenida carrera 40 # 45-2 Este, Oficina 45, 765483, El Cerrito, Valle del Cauca'),
(143, 'Lucía', 'Pacheco', '1999-03-22', 1, 'henryvanegas@example.org', '6031751056', 'Av. Mora # 80-97, Bodega 652, 764531, Palmira, Valle del Cauca'),
(144, 'Astrid', 'Monsalve', '1999-08-09', 1, 'omartinez@example.org', '(+57) 325 471 22 22', 'Carrera 117 # 1-4, 054739, Urrao, Antioquia'),
(145, 'María', 'Sepúlveda', '2005-02-02', 1, 'rodriguezgerardo@example.org', '+57 608 531 12 26', 'Av. Rivera # 4-1 Sur, Apto. 94, 256583, Topaipí, Cundinamarca'),
(146, 'María', 'Rodríguez', '2006-05-07', 1, 'espinosayineth@example.com', '601 346 47 50', 'Calle 64 # 63K-19, 250298, Villa de San Diego de Ubaté, Cundinamarca'),
(147, 'Esneider', 'Jiménez', '2001-07-07', 1, 'xbernal@example.net', '306 756 40 14', 'Av. calle 149 # 27-7 Sur, Etapa 6 apartamento 83, 735791, Ambalema, Tolima'),
(148, 'Yuliana', 'Velásquez', '2001-04-14', 1, 'sgonzalez@example.net', '+57 325 750 17 78', 'Diagonal 39 # 6M-7 Sur, Casa 7, 138675, Pinillos, Bolívar'),
(149, 'Lida', 'Barrios', '2003-08-19', 1, 'camilahernandez@example.org', '57 301 535 40 69', 'Cr. 7B # 5-46 Este, Local 35, 528616, Taminango, Nariño'),
(150, 'Ingrid', 'Mendoza', '2006-05-21', 1, 'dvargas@example.net', '3158555147', 'Av. Daniel Ángel Torres Castañeda # 87-13 Este, Local 49, 707394, Sucre, Sucre'),
(151, 'Tatiana', 'Guzmán', '2001-03-01', 1, 'pulidowilson@example.org', '(+57)3097630442', 'Transversal 44A # 70-67 Sur, 681172, California, Santander'),
(152, 'Mario', 'Gutiérrez', '2002-04-07', 1, 'alberto55@example.org', '57 312 310 73 41', 'Avenida carrera 54 # 7-7 Sur, 413734, La Plata, Huila'),
(153, 'Daniel', 'Mora', '2000-02-07', 1, 'claraherrera@example.org', '(+57) 302 222 84 73', 'Cr. 58 Sur # 6-8 Sur, Torre 2 apartamento 2, 703336, Morroa, Sucre'),
(154, 'Martha', 'Delgado', '2001-11-18', 1, 'alexanderosorio@example.com', '3049048624', 'Cr. 75 # 5-4 Sur, Etapa 9 apartamento 63, 704014, Coveñas, Sucre'),
(155, 'María', 'Guerra', '2005-04-22', 1, 'qbejarano@example.com', '01 8009 701 280', 'Carrera 71 # 8-6 Este, 410060, Agrado, Huila'),
(156, 'Elvia', 'Medina', '2004-12-29', 1, 'jlopez@example.net', '323 700 95 51', 'Transversal 4ª # 7-9 Este, Apartamento 20, 252927, Yacopí, Cundinamarca'),
(157, 'Jairo', 'Jiménez', '2003-08-02', 1, 'bravosandra@example.net', '57 305 348 27 31', 'Diagonal 99 # 5-4 Este, 685132, Sucre, Santander'),
(158, 'Jesús', 'Villamizar', '2000-09-21', 1, 'xrojas@example.org', '01 8009 733 715', 'Calle 70 # 39-77 Este, Bodega 54, 526469, Santa Bárbara, Nariño'),
(159, 'Erick', 'Rojas', '2002-05-23', 1, 'augusto32@example.org', '018004999716', 'Calle 94Z # 3-18 Sur, Casa 10, 180908, Milán, Caquetá'),
(160, 'Andrés', 'Melo', '1999-09-02', 1, 'stella92@example.org', '(+57)6078927781', 'Cr. 68V # 9-7, 520390, Consacá, Nariño'),
(161, 'Luz', 'Gómez', '2002-01-23', 1, 'medinamarina@example.org', '018001840114', 'Cr. 7W Sur # 1-3 Este, 737815, Roncesvalles, Tolima'),
(162, 'Tatiana', 'Garzón', '2001-08-10', 1, 'sara94@example.net', '573112635106', 'Cl. 147 # 7-75 Sur, Casa 4, 254763, Útica, Cundinamarca'),
(163, 'Pedro', 'Lara', '2005-12-21', 1, 'carmen76@example.org', '+573022324831', 'Carrera 3J # 38-7, Bodega 816, 159543, Pisba, Boyacá'),
(164, 'Paola', 'Murcia', '2002-06-02', 1, 'gomezivonne@example.org', '+57 606 493 54 61', 'Cl. 98 # 5-44 Este, 138603, Santa Rosa del Sur, Bolívar'),
(165, 'Humberto', 'Ramos', '2001-10-28', 1, 'barreraliliana@example.net', '(+57)3261778598', 'Avenida Jairo Leonardo Ramírez Castillo # 4-50 Este, 199777, La Sierra, Cauca'),
(166, 'Julio', 'Zambrano', '2004-11-12', 1, 'isabelcano@example.com', '576046253743', 'Cr. 55 # 10-3 Este, 257535, Guayabal de Síquima, Cundinamarca'),
(167, 'Liliana', 'Amaya', '1999-09-22', 1, 'sandramartinez@example.com', '57 313 186 47 75', 'Cr. 29 # 2-5, Etapa 6 apartamento 78, 239308, La Apartada, Córdoba'),
(168, 'Daniela', 'Muñoz', '2005-09-26', 1, 'albertocontreras@example.net', '(+57) 607 286 48 09', 'Calle 76 Bis V # 4C-6 Sur, 546662, Herrán, Norte de Santander'),
(169, 'Javier', 'Vanegas', '2002-11-13', 1, 'quinteroelena@example.com', '57 307 533 03 28', 'Cr. 9 Bis U # 2-9 Sur, 254747, San Juan de Rioseco, Cundinamarca'),
(170, 'José', 'Palacios', '2006-06-24', 1, 'gutierrezadolfo@example.com', '+57 315 640 38 83', 'Av. Aguilar # 94-6 Sur, Oficina 73, 689014, San Gil, Santander'),
(171, 'Óscar', 'Bohórquez', '2000-10-28', 1, 'vanessa09@example.com', '(+57) 320 613 20 69', 'Cl. 8 Sur # 68-8, 733151, Piedras, Tolima'),
(172, 'Elena', 'Sánchez', '1998-09-09', 1, 'carlos34@example.net', '601 187 04 07', 'Cr. 147 # 90-25 Este, Bodega 876, 763591, Guadalajara de Buga, Valle del Cauca'),
(173, 'Rubén', 'Vera', '1998-09-02', 1, 'salamancajesus@example.org', '576091445574', 'Cr. 55 # 64-8 Este, Torre 5 apartamento 30, 916063, La Chorrera, Amazonas'),
(174, 'Saúl', 'Rojas', '2000-05-18', 1, 'paradamaria@example.org', '(+57) 316 944 49 39', 'Dg. 189 # 78-74 Este, Apto. 19, 059848, Amagá, Antioquia'),
(175, 'Carolina', 'López', '2001-06-14', 1, 'pedro21@example.com', '+57 323 640 24 04', 'Cl. 85S # 35-77, Apto. 96, 473179, El Banco, Magdalena'),
(176, 'Eduardo', 'Naranjo', '2004-08-09', 1, 'angel50@example.com', '303 236 42 95', 'Calle 81G # 9-1 Sur, Bodega 20, 151502, Tunja'),
(177, 'Johanna', 'Durán', '2002-04-03', 1, 'egarcia@example.org', '(+57)3087663076', 'Tr. 7ª # 8-49, 087146, Piojó, Atlántico'),
(178, 'Francisco', 'Vásquez', '2005-03-23', 1, 'carlos03@example.net', '+573188432130', 'Cl. 66 # 27-8 Este, Torre 8 apartamento 8, 813492, Tame, Arauca'),
(179, 'Luz', 'Hernández', '1999-04-12', 1, 'ospinamaria@example.com', '573111035106', 'Cr. 48 # 9O-67 Este, Torre 2 apartamento 8, 734570, Falan, Tolima'),
(180, 'Rafael', 'Villamizar', '1999-08-29', 1, 'cordobairma@example.org', '+57 604 278 71 69', 'Av. carrera 59 # 8-7 Sur, 942526, Puerto Colombia, Guainía'),
(181, 'Rosa', 'Sánchez', '2000-12-04', 1, 'becerrakaren@example.org', '9127022', 'Avenida calle 65 # 8-8 Sur, 255377, Quebradanegra, Cundinamarca'),
(182, 'Lucía', 'Castro', '2001-02-09', 1, 'carlosmoreno@example.com', '+573130552617', 'Tr. 34 # 67-16 Sur, 196996, La Sierra, Cauca'),
(183, 'Sebastián', 'Ramírez', '2003-08-25', 1, 'lozanomartha@example.com', '329 611 94 39', 'Cl. 110B # 68-85, 195178, Mercaderes, Cauca'),
(184, 'Elizabeth', 'Ariza', '2005-04-18', 1, 'nvargas@example.com', '6079780176', 'Calle 85 # 63-66, Apto. 68, 410647, Aipe, Huila'),
(185, 'Amparo', 'Becerra', '2005-01-05', 1, 'nrivera@example.org', '587 85 47', 'Calle 156 # 49-5, 684043, Bucaramanga'),
(186, 'Carolina', 'Jaimes', '2001-08-18', 1, 'ymorales@example.net', '+57 306 428 20 93', 'Cr. 7ª # 81E-49 Este, 058067, Hispania, Antioquia'),
(187, 'Marleny', 'Cruz', '1999-04-03', 1, 'lhernandez@example.org', '576053749437', 'Cl. 4D # 3V-21 Sur, Local 242, 275928, Bojayá, Chocó'),
(188, 'María', 'Sánchez', '1999-07-24', 1, 'ramiro72@example.net', '(+57) 312 886 34 92', 'Carrera 97 # 90-9, Apartamento 74, 255323, Sopó, Cundinamarca'),
(189, 'Wendy', 'Pineda', '2000-05-31', 1, 'luisahernandez@example.net', '3091154694', 'Avenida Antioquia # 7W-89 Este, Apartamento 201, 730749, Ataco, Tolima'),
(190, 'Ana', 'Ramos', '2001-08-18', 1, 'javierdiaz@example.net', '(+57) 314 722 49 13', 'Carrera 86D # 1-25 Sur, 252868, Pacho, Cundinamarca'),
(191, 'León', 'Campo', '2006-05-05', 1, 'leonorsuarez@example.org', '(+57) 322 006 04 83', 'Carrera 7L # 2-27 Sur, Local 556, 209956, San Diego, Cesar'),
(192, 'María', 'Garzón', '1999-06-26', 1, 'fvelasquez@example.net', '601 661 58 61', 'Dg. 86 # 25-5 Sur, 997679, Santa Rosalía, Vichada'),
(193, 'León', 'Duarte', '2002-06-25', 1, 'alexanderrodriguez@example.net', '(+57) 323 480 00 15', 'Carrera 66X # 10-6, Casa 42, 054948, Anzá, Antioquia'),
(194, 'Alejandra', 'Herrera', '2003-05-29', 1, 'alvarezandrea@example.org', '6063734785', 'Calle 145 # 3-30 Sur, Apartamento 1, 157978, Santana, Boyacá'),
(195, 'María', 'Velásquez', '2000-08-16', 1, 'luzvargas@example.net', '57 605 828 62 99', 'Cr. 23 # 27-26, Torre 7 apartamento 123, 053403, Peñol, Antioquia'),
(196, 'Alcira', 'Quintero', '2002-06-08', 1, 'bautistaoscar@example.com', '576026855897', 'Carrera 2ª # 7-8 Sur, 688946, Landázuri, Santander'),
(197, 'Mary', 'López', '2000-08-10', 1, 'claudiarincon@example.org', '664 30 39', 'Avenida Yaguará # 4-57, Apto. 91, 054296, El Santuario, Antioquia'),
(198, 'Carolina', 'Estrada', '2005-06-11', 1, 'harold70@example.net', '573073774282', 'Cl. 181O # 28-2, 477363, Pijiño del Carmen, Magdalena'),
(199, 'Enrique', 'Molina', '2003-05-02', 1, 'cristianosorio@example.com', '(+57)6077826194', 'Cl. 14S # 73-2, Casa 7, 524912, Guaitarilla, Nariño'),
(200, 'Alberto', 'Prada', '2005-06-06', 1, 'marinalfonso@example.net', '3229506987', 'Avenida calle 8ª # 3-35 Este, Bodega 71, 688369, San Benito, Santander'),
(201, 'Nathalia', 'Torres', '2001-01-14', 1, 'rodriguezhernando@example.com', '576065864887', 'Tr. 60 # 6-8, Apartamento 497, 760785, El Dovio, Valle del Cauca'),
(202, 'Esteban', 'Pacheco', '2004-12-23', 1, 'sofiafernandez@example.net', '+573093785056', 'Cl. 9G # 6-41, 253372, Tocancipá, Cundinamarca'),
(203, 'Lorena', 'Ortega', '2005-07-13', 1, 'javier55@example.org', '1064478', 'Cr. 80 # 15-90 Este, Apartamento 730, 052413, Uramita, Antioquia'),
(204, 'William', 'García', '2005-07-06', 1, 'johanamorales@example.com', '321 299 44 30', 'Diagonal 188T Bis # 59V-63 Sur, Local 79, 523260, Ipiales, Nariño'),
(205, 'Camila', 'Zambrano', '1998-12-08', 1, 'carmen44@example.net', '(+57) 322 144 03 86', 'Avenida Cauca # 5-4 Este, Apartamento 5, 912376, Mirití - Paraná, Amazonas'),
(206, 'Viviana', 'Ortega', '2003-06-27', 1, 'martinezruben@example.org', '+573236136618', 'Cl. 35 # 1-8 Este, Oficina 51, 159709, Chitaraque, Boyacá'),
(207, 'Jairo', 'Gómez', '2004-01-23', 1, 'delgadoastrid@example.net', '602 303 62 44', 'Avenida calle 71 # 14-38 Este, Etapa 5 apartamento 3, 733251, Roncesvalles, Tolima'),
(208, 'Ignacio', 'Becerra', '2003-09-23', 1, 'pgonzalez@example.com', '573215737312', 'Carrera 5B # 46I-79, 152646, Sogamoso, Boyacá'),
(209, 'Juan', 'Márquez', '2005-08-04', 1, 'ingrid68@example.com', '+573205572233', 'Cl. 199 # 4-56 Sur, Apto. 317, 666035, Quinchía, Risaralda')
ON CONFLICT (id_estudiante) DO NOTHING;

-- Insertar datos en la tabla Profesor
INSERT INTO Profesor (id_profesor, nombres, apellidos, email, telefono) VALUES 
(1, 'Carlos Andrés', 'Parra Acevedo', 'carlos.parra@example.com', '123456789'),
(2, 'Alexandra', 'Pomares Quimbaya', 'alexandra.pomares@example.com', '234567890'),
(3, 'Rafael Andrés', 'González Rivera', 'rafael.gonzalez@example.com', '345678901'),
(4, 'Jaime Andrés', 'Pavlich Mariscal', 'jaime.pavlich@example.com', '456789012'),
(5, 'Angela Cristina', 'Carrillo Ramos', 'angela.carrillo@example.com', '567890123'),
(6, 'Enrique', 'González Guerrero', 'enrique.gonzalez@example.com', '678901234'),
(7, 'Mariela Josefina', 'Curiel Huérfano', 'mariela.curiel@example.com', '789012345'),
(8, 'Andrea del Pilar', 'Rueda Olarte', 'andrea.rueda@example.com', '890123456'),
(9, 'Leonardo', 'Flórez Valencia', 'leonardo.flores@example.com', '901234567'),
(10, 'Luis Carlos', 'Díaz Chaparro', 'luis.diaz@example.com', '012345678'),
(11, 'Andrés Dario', 'Moreno Barbosa', 'andres.moreno@example.com', '123456780'),
(12, 'Cécile Eugenie', 'Gauthier Umaña', 'cecile.gauthier@example.com', '234567891'),
(13, 'César Julio', 'Bustacara Medina', 'cesar.bustacara@example.com', '345678902'),
(14, 'Edgar Enrique', 'Ruíz García', 'edgar.ruiz@example.com', '456789013'),
(15, 'Efraín Ortíz', 'Pabón', 'efrain.ortiz@example.com', '567890124'),
(16, 'Javier Francisco', 'López Parra', 'javier.lopez@example.com', '678901235'),
(17, 'John Jairo', 'Corredor Franco', 'john.corredor@example.com', '789012346'),
(18, 'José Hernando', 'Hurtado Rojas', 'jose.hurtado@example.com', '890123457'),
(19, 'Juan Erasmo', 'Gómez Morantes', 'juan.gomez@example.com', '901234568'),
(20, 'Julio Ernesto', 'Carreño Vargas', 'julio.carreño@example.com', '012345679'),
(21, 'Julio Omar', 'Palacio Niño', 'julio.palacio@example.com', '123456791'),
(22, 'Luis Gabriel', 'Moreno Sandoval', 'luis.moreno@example.com', '234567892'),
(23, 'Oscar Danilo', 'Martínez Bernal', 'oscar.martinez@example.com', '345678903'),
(24, 'Rafael Vicente', 'Páez Méndez', 'rafael.paez@example.com', '456789014')
ON CONFLICT (id_profesor) DO NOTHING;


-- Insertar datos  en la tabla Curso
INSERT INTO Curso (id_curso, nombre, descripcion, creditos) VALUES 
(1295, 'Calculo Diferencial', 'Curso de introducción al cálculo diferencial, abordando conceptos fundamentales como límites, derivadas e integrales básicas.', 3),
(33518, 'Logica y Matematicas Discretas', 'Curso que cubre los principios de la lógica matemática y las matemáticas discretas esenciales para la informática.', 3),
(33698, 'Introduccion a la Programación', 'Curso básico de programación, cubriendo los fundamentos y técnicas básicas de desarrollo de software.', 3),
(4075, 'Pensamiento Sistemico', 'Curso que promueve el pensamiento sistémico y la resolución de problemas en contextos complejos.', 3),
(33763, 'Introduccion a la Ingenieria', 'Curso que ofrece una visión general de los principios y prácticas de la ingeniería.', 2),
(16143, 'Constitución y Derecho Civil', 'Curso sobre los fundamentos del derecho civil y la constitución, relevantes para la práctica profesional en ingeniería.', 2),
(1297, 'Calculo Integral', 'Curso de cálculo integral que abarca técnicas avanzadas de integración y aplicaciones prácticas.', 3),
(1340, 'Fisica Mecánica', 'Curso de física centrado en los principios de la mecánica y su aplicación en problemas de ingeniería.', 3),
(1290, 'Algebra Lineal', 'Curso que cubre los conceptos fundamentales del álgebra lineal, incluyendo matrices, vectores y sistemas de ecuaciones.', 3),
(33699, 'Programación Avanzada', 'Curso de programación que profundiza en técnicas avanzadas y paradigmas de desarrollo de software.', 3),
(1300, 'Ecuaciones Diferenciales', 'Curso que estudia métodos para resolver ecuaciones diferenciales ordinarias y sus aplicaciones.', 3),
(33733, 'Proyecto de Diseño en Ingenieria', 'Curso que enfoca en el desarrollo de proyectos de diseño ingenieril, aplicando conocimientos adquiridos.', 2),
(2544, 'Significación Teologica', 'Curso que explora los fundamentos de la teología y su relevancia en la formación profesional.', 2),
(1299, 'Calculo Vectorial', 'Curso de cálculo vectorial que trata sobre funciones vectoriales y sus aplicaciones en ingeniería.', 3),
(33732, 'Probabilidad y Estadistica', 'Curso que cubre principios de probabilidad y técnicas estadísticas aplicables en ingeniería.', 3),
(34805, 'Analisis y Diseño de Software', 'Curso que aborda metodologías para el análisis y diseño de sistemas de software.', 3),
(33700, 'Bases de Datos', 'Curso que enseña los fundamentos del diseño, implementación y gestión de bases de datos.', 4),
(34580, 'Arquitectura y Organizacion del Computador', 'Curso sobre la arquitectura y organización de sistemas computacionales, incluyendo hardware y software.', 3),
(5100, 'Proyecto Social Universitario', 'Curso que enfoca en el desarrollo y ejecución de proyectos sociales dentro de la comunidad universitaria.', 2),
(4196, 'Estructuras de Datos', 'Curso sobre estructuras de datos fundamentales y sus aplicaciones en programación.', 3),
(1291, 'Analisis Numerico', 'Curso que trata métodos numéricos para la resolución de problemas matemáticos en ingeniería.', 3),
(34806, 'Fundamentos de Ingenieria de Software', 'Curso que cubre los principios y prácticas básicas de ingeniería de software.', 3),
(4085, 'Sistemas Operativos', 'Curso sobre los principios y funcionamiento de sistemas operativos.', 3),
(34807, 'Desarrollo Web', 'Curso de desarrollo web que cubre tecnologías y metodologías para la creación de sitios y aplicaciones web.', 3),
(34809, 'Fundamentos de Seguridad de la Informacion', 'Curso sobre los principios básicos de seguridad de la información y técnicas de protección.', 2),
(34801, 'Teoria de la Computacion', 'Curso que explora los fundamentos teóricos de la computación y la teoría de autómatas.', 2),
(4082, 'Sistemas de Informacion', 'Curso que trata sobre el diseño y gestión de sistemas de información en organizaciones.', 3),
(4084, 'Inteligencia Artificial', 'Curso sobre los principios y técnicas de inteligencia artificial, incluyendo aprendizaje automático y redes neuronales.', 3),
(34803, 'Gestion de Proyectos de Innovacion y Emprendimiento de TI', 'Curso sobre la gestión y desarrollo de proyectos de innovación en tecnología de la información.', 3),
(4185, 'Arquitectura de Software', 'Curso que cubre los principios de diseño y arquitectura de software a gran escala.', 3),
(34802, 'Tecnologias Digitales Emergentes', 'Curso sobre las últimas tecnologías digitales y sus aplicaciones emergentes.', 2),
(34816, 'Gestion Financiera de Proyectos de TI', 'Curso sobre la gestión financiera y económica de proyectos de tecnología de la información.', 2),
(34804, 'Gerencia Estrategica de TI', 'Curso que aborda estrategias de gestión y planificación en tecnología de la información.', 2),
(34866, 'Optimizacion y Simulacion', 'Curso sobre técnicas de optimización y simulación en problemas de ingeniería.', 2),
(31339, 'Planeacion de Proyecto Final', 'Curso dedicado a la planificación y preparación para el proyecto final de grado.', 2),
(34810, 'Proyecto de Innovacion y Emprendimiento', 'Curso que enfoca en el desarrollo de proyectos de innovación y emprendimiento en tecnología.', 3),
(4190, 'Comunicaciones y Redes', 'Curso sobre comunicación en redes y tecnologías de comunicación de datos.', 3),
(22586, 'Introduccion a Sistemas Distribuidos', 'Curso que introduce los principios y conceptos de sistemas distribuidos.', 2),
(34814, 'Proyecto de Grado', 'Curso centrado en el desarrollo y presentación del proyecto de grado final.', 3),
(34863, 'Etica en la Era de la Informacion', 'Curso que explora cuestiones éticas relacionadas con la tecnología y la información.', 2),
(2356, 'Epistemologia de la Ingenieria', 'Curso sobre la filosofía y epistemología en el contexto de la ingeniería.', 2),
(34808, 'Introduccion a la Computacion Movil', 'Curso que cubre los fundamentos de la computación móvil y el desarrollo de aplicaciones móviles.', 2),
(2476, 'Fe y Compromiso del Ingeniero', 'Curso que examina el rol de la fe y el compromiso ético en la profesión de ingeniería.', 2),
(3194, 'Analisis de algoritmos','Curso que se centra en el estudio y evaluación de la eficiencia de los algoritmos.', 2)
ON CONFLICT (id_curso) DO NOTHING;


-- Insertar datos en la tabla Clase
INSERT INTO Clase (id_clase, id_curso, periodo, fecha_inicio, fecha_final) VALUES 
(5198, 1295, '2024-3', '2024-07-15', '2024-11-23'),
(5378, 1295, '2024-3', '2024-07-15', '2024-11-23'),
(5385, 1295, '2024-3', '2024-07-15', '2024-11-23'),
(5391, 1295, '2024-3', '2024-07-15', '2024-11-23'),
(5447, 1295, '2024-3', '2024-07-15', '2024-11-23'),
(5222, 1295, '2024-3', '2024-07-15', '2024-11-23'),
(5265, 1295, '2024-3', '2024-07-15', '2024-11-23'),
(5266, 1295, '2024-3', '2024-07-15', '2024-11-23'),
(5301, 1295, '2024-3', '2024-07-15', '2024-11-23'),
(5324, 1295, '2024-3', '2024-07-15', '2024-11-23'),
(5330, 1295, '2024-3', '2024-07-15', '2024-11-23'),
(5341, 1295, '2024-3', '2024-07-15', '2024-11-23'),
(5350, 1295, '2024-3', '2024-07-15', '2024-11-23'),
(6677, 33518, '2024-3', '2024-07-15', '2024-11-23'),
(6719, 33518, '2024-3', '2024-07-15', '2024-11-23'),
(6746, 33518, '2024-3', '2024-07-15', '2024-11-23'),
(6799, 33518, '2024-3', '2024-07-15', '2024-11-23'),
(1450, 33698, '2024-3', '2024-07-15', '2024-11-23'),
(1497, 33698, '2024-3', '2024-07-15', '2024-11-23'),
(13537, 33698, '2024-3', '2024-07-15', '2024-11-23'),
(1502, 33698, '2024-3', '2024-07-15', '2024-11-23'),
(1505, 33698, '2024-3', '2024-07-15', '2024-11-23'),
(1508, 33698, '2024-3', '2024-07-15', '2024-11-23'),
(1513, 33698, '2024-3', '2024-07-15', '2024-11-23'),
(1516, 33698, '2024-3', '2024-07-15', '2024-11-23'),
(1517, 33698, '2024-3', '2024-07-15', '2024-11-23'),
(1519, 33698, '2024-3', '2024-07-15', '2024-11-23'),
(1521, 33698, '2024-3', '2024-07-15', '2024-11-23'),
(1454, 33698, '2024-3', '2024-07-15', '2024-11-23'),
(1529, 33698, '2024-3', '2024-07-15', '2024-11-23'),
(1530, 33698, '2024-3', '2024-07-15', '2024-11-23'),
(13934, 33698, '2024-3', '2024-07-15', '2024-11-23'),
(1572, 33698, '2024-3', '2024-07-15', '2024-11-23'),
(1573, 33698, '2024-3', '2024-07-15', '2024-11-23'),
(1576, 33698, '2024-3', '2024-07-15', '2024-11-23'),
(1473, 33698, '2024-3', '2024-07-15', '2024-11-23'),
(1577, 33698, '2024-3', '2024-07-15', '2024-11-23'),
(1578, 33698, '2024-3', '2024-07-15', '2024-11-23'),
(1667, 33698, '2024-3', '2024-07-15', '2024-11-23'),
(1668, 33698, '2024-3', '2024-07-15', '2024-11-23'),
(13937, 33698, '2024-3', '2024-07-15', '2024-11-23'),
(1669, 33698, '2024-3', '2024-07-15', '2024-11-23'),
(15126, 33698, '2024-3', '2024-07-15', '2024-11-23'),
(1480, 33698, '2024-3', '2024-07-15', '2024-11-23'),
(1481, 33698, '2024-3', '2024-07-15', '2024-11-23'),
(1493, 33698, '2024-3', '2024-07-15', '2024-11-23'),
(1495, 33698, '2024-3', '2024-07-15', '2024-11-23'),
(1496, 33698, '2024-3', '2024-07-15', '2024-11-23'),
(13935, 33698, '2024-3', '2024-07-15', '2024-11-23'),
(1485, 4075, '2024-3', '2024-07-15', '2024-11-23'),
(1486, 4075, '2024-3', '2024-07-15', '2024-11-23'),
(1487, 4075, '2024-3', '2024-07-15', '2024-11-23'),
(1488, 4075, '2024-3', '2024-07-15', '2024-11-23'),
(1490, 4075, '2024-3', '2024-07-15', '2024-11-23'),
(4782, 33763, '2024-3', '2024-07-15', '2024-11-23'),
(4795, 33763, '2024-3', '2024-07-15', '2024-11-23'),
(4799, 33763, '2024-3', '2024-07-15', '2024-11-23'),
(4825, 33763, '2024-3', '2024-07-15', '2024-11-23'),
(4833, 33763, '2024-3', '2024-07-15', '2024-11-23'),
(4855, 33763, '2024-3', '2024-07-15', '2024-11-23'),
(5140, 33763, '2024-3', '2024-07-15', '2024-11-23'),
(5144, 33763, '2024-3', '2024-07-15', '2024-11-23'),
(4597, 33763, '2024-3', '2024-07-15', '2024-11-23'),
(5151, 33763, '2024-3', '2024-07-15', '2024-11-23'),
(5365, 33763, '2024-3', '2024-07-15', '2024-11-23'),
(5381, 33763, '2024-3', '2024-07-15', '2024-11-23'),
(5389, 33763, '2024-3', '2024-07-15', '2024-11-23'),
(9978, 33763, '2024-3', '2024-07-15', '2024-11-23'),
(9979, 33763, '2024-3', '2024-07-15', '2024-11-23'),
(9983, 33763, '2024-3', '2024-07-15', '2024-11-23'),
(4629, 33763, '2024-3', '2024-07-15', '2024-11-23'),
(9985, 33763, '2024-3', '2024-07-15', '2024-11-23'),
(9986, 33763, '2024-3', '2024-07-15', '2024-11-23'),
(9987, 33763, '2024-3', '2024-07-15', '2024-11-23'),
(9991, 33763, '2024-3', '2024-07-15', '2024-11-23'),
(9993, 33763, '2024-3', '2024-07-15', '2024-11-23'),
(9995, 33763, '2024-3', '2024-07-15', '2024-11-23'),
(4636, 33763, '2024-3', '2024-07-15', '2024-11-23'),
(4687, 33763, '2024-3', '2024-07-15', '2024-11-23'),
(5411, 33763, '2024-3', '2024-07-15', '2024-11-23'),
(5432, 33763, '2024-3', '2024-07-15', '2024-11-23'),
(5437, 33763, '2024-3', '2024-07-15', '2024-11-23'),
(9955, 33763, '2024-3', '2024-07-15', '2024-11-23'),
(9957, 33763, '2024-3', '2024-07-15', '2024-11-23'),
(9959, 33763, '2024-3', '2024-07-15', '2024-11-23'),
(4726, 33763, '2024-3', '2024-07-15', '2024-11-23'),
(9971, 33763, '2024-3', '2024-07-15', '2024-11-23'),
(9973, 33763, '2024-3', '2024-07-15', '2024-11-23'),
(9975, 33763, '2024-3', '2024-07-15', '2024-11-23'),
(10000, 33763, '2024-3', '2024-07-15', '2024-11-23'),
(10002, 33763, '2024-3', '2024-07-15', '2024-11-23'),
(10004, 33763, '2024-3', '2024-07-15', '2024-11-23'),
(10008, 33763, '2024-3', '2024-07-15', '2024-11-23'),
(10009, 33763, '2024-3', '2024-07-15', '2024-11-23'),
(4735, 33763, '2024-3', '2024-07-15', '2024-11-23'),
(10011, 33763, '2024-3', '2024-07-15', '2024-11-23'),
(10019, 33763, '2024-3', '2024-07-15', '2024-11-23'),
(10018, 33763, '2024-3', '2024-07-15', '2024-11-23'),
(10020, 33763, '2024-3', '2024-07-15', '2024-11-23'),
(1499, 34809, '2024-3', '2024-07-15', '2024-11-23'),
(1492, 34809, '2024-3', '2024-07-15', '2024-11-23'),
(1494, 34809, '2024-3', '2024-07-15', '2024-11-23'),
(1662, 34809, '2024-3', '2024-07-15', '2024-11-23'),
(1498, 34809, '2024-3', '2024-07-15', '2024-11-23'),
(6193, 1297, '2024-3', '2024-07-15', '2024-11-23'),
(6199, 1297, '2024-3', '2024-07-15', '2024-11-23'),
(14920, 1297, '2024-3', '2024-07-15', '2024-11-23'),
(6168, 1297, '2024-3', '2024-07-15', '2024-11-23'),
(6170, 1297, '2024-3', '2024-07-15', '2024-11-23'),
(6175, 1297, '2024-3', '2024-07-15', '2024-11-23'),
(6180, 1297, '2024-3', '2024-07-15', '2024-11-23'),
(6182, 1297, '2024-3', '2024-07-15', '2024-11-23'),
(6186, 1297, '2024-3', '2024-07-15', '2024-11-23'),
(4185, 1290, '2024-3', '2024-07-15', '2024-11-23'),
(4504, 1290, '2024-3', '2024-07-15', '2024-11-23'),
(4532, 1290, '2024-3', '2024-07-15', '2024-11-23'),
(4543, 1290, '2024-3', '2024-07-15', '2024-11-23'),
(4561, 1290, '2024-3', '2024-07-15', '2024-11-23'),
(4590, 1290, '2024-3', '2024-07-15', '2024-11-23'),
(4596, 1290, '2024-3', '2024-07-15', '2024-11-23'),
(4242, 1290, '2024-3', '2024-07-15', '2024-11-23'),
(4311, 1290, '2024-3', '2024-07-15', '2024-11-23'),
(4327, 1290, '2024-3', '2024-07-15', '2024-11-23'),
(1447, 33699, '2024-3', '2024-07-15', '2024-11-23'),
(1464, 33699, '2024-3', '2024-07-15', '2024-11-23'),
(1465, 33699, '2024-3', '2024-07-15', '2024-11-23'),
(1535, 34816, '2024-3', '2024-07-15', '2024-11-23'),
(1536, 34816, '2024-3', '2024-07-15', '2024-11-23'),
(14906, 34816, '2024-3', '2024-07-15', '2024-11-23'),
(3868, 33733, '2024-3', '2024-07-15', '2024-11-23'),
(3906, 33733, '2024-3', '2024-07-15', '2024-11-23'),
(3943, 33733, '2024-3', '2024-07-15', '2024-11-23'),
(3984, 33733, '2024-3', '2024-07-15', '2024-11-23'),
(12461, 33733, '2024-3', '2024-07-15', '2024-11-23'),
(4293, 34580, '2024-3', '2024-07-15', '2024-11-23'),
(3823, 34580, '2024-3', '2024-07-15', '2024-11-23'),
(4466, 33732, '2024-3', '2024-07-15', '2024-11-23'),
(4277, 33732, '2024-3', '2024-07-15', '2024-11-23'),
(4320, 33732, '2024-3', '2024-07-15', '2024-11-23'),
(3942, 33732, '2024-3', '2024-07-15', '2024-11-23'),
(4449, 33732, '2024-3', '2024-07-15', '2024-11-23'),
(1451, 33700, '2024-3', '2024-07-15', '2024-11-23'),
(1472, 33700, '2024-3', '2024-07-15', '2024-11-23'),
(1580, 34805, '2024-3', '2024-07-15', '2024-11-23'),
(1584, 34805, '2024-3', '2024-07-15', '2024-11-23'),
(1446, 4190, '2024-3', '2024-07-15', '2024-11-23'),
(1474, 4190, '2024-3', '2024-07-15', '2024-11-23'),
(1477, 4190, '2024-3', '2024-07-15', '2024-11-23'),
(1479, 4190, '2024-3', '2024-07-15', '2024-11-23'),
(2223, 2544, '2024-3', '2024-07-15', '2024-11-23'),
(2301, 2544, '2024-3', '2024-07-15', '2024-11-23'),
(2332, 2544, '2024-3', '2024-07-15', '2024-11-23'),
(2345, 2544, '2024-3', '2024-07-15', '2024-11-23'),
(2369, 2544, '2024-3', '2024-07-15', '2024-11-23'),
(2395, 2544, '2024-3', '2024-07-15', '2024-11-23'),
(2294, 2544, '2024-3', '2024-07-15', '2024-11-23'),
(2296, 2544, '2024-3', '2024-07-15', '2024-11-23'),
(2297, 2544, '2024-3', '2024-07-15', '2024-11-23'),
(1557, 4196, '2024-3', '2024-07-15', '2024-11-23'),
(1558, 4196, '2024-3', '2024-07-15', '2024-11-23'),
(1561, 4196, '2024-3', '2024-07-15', '2024-11-23'),
(1562, 4196, '2024-3', '2024-07-15', '2024-11-23'),
(1537, 4082, '2024-3', '2024-07-15', '2024-11-23'),
(1539, 4082, '2024-3', '2024-07-15', '2024-11-23'),
(1552, 34803, '2024-3', '2024-07-15', '2024-11-23'),
(1586, 34806, '2024-3', '2024-07-15', '2024-11-23'),
(1587, 34806, '2024-3', '2024-07-15', '2024-11-23'),
(1588, 34806, '2024-3', '2024-07-15', '2024-11-23'),
(1664, 4085, '2024-3', '2024-07-15', '2024-11-23'),
(1520, 4085, '2024-3', '2024-07-15', '2024-11-23'),
(6296, 1299, '2024-3', '2024-07-15', '2024-11-23'),
(6302, 1299, '2024-3', '2024-07-15', '2024-11-23'),
(6306, 1299, '2024-3', '2024-07-15', '2024-11-23'),
(14918, 1299, '2024-3', '2024-07-15', '2024-11-23'),
(1567, 34801, '2024-3', '2024-07-15', '2024-11-23'),
(1568, 34801, '2024-3', '2024-07-15', '2024-11-23'),
(1569, 34801, '2024-3', '2024-07-15', '2024-11-23'),
(1526, 34810, '2024-3', '2024-07-15', '2024-11-23'),
(1507, 22586, '2024-3', '2024-07-15', '2024-11-23'),
(12503, 22586, '2024-3', '2024-07-15', '2024-11-23'),
(8110, 1340, '2024-3', '2024-07-15', '2024-11-23'),
(8155, 1340, '2024-3', '2024-07-15', '2024-11-23'),
(8077, 1340, '2024-3', '2024-07-15', '2024-11-23'),
(8201, 1340, '2024-3', '2024-07-15', '2024-11-23'),
(8205, 1340, '2024-3', '2024-07-15', '2024-11-23'),
(15013, 1340, '2024-3', '2024-07-15', '2024-11-23'),
(15058, 1340, '2024-3', '2024-07-15', '2024-11-23'),
(15280, 1340, '2024-3', '2024-07-15', '2024-11-23'),
(6345, 1300, '2024-3', '2024-07-15', '2024-11-23'),
(6346, 1300, '2024-3', '2024-07-15', '2024-11-23'),
(6350, 1300, '2024-3', '2024-07-15', '2024-11-23'),
(14921, 1300, '2024-3', '2024-07-15', '2024-11-23'),
(4129, 34866, '2024-3', '2024-07-15', '2024-11-23'),
(4143, 34866, '2024-3', '2024-07-15', '2024-11-23'),
(4158, 34866, '2024-3', '2024-07-15', '2024-11-23'),
(4192, 34866, '2024-3', '2024-07-15', '2024-11-23'),
(4201, 34866, '2024-3', '2024-07-15', '2024-11-23'),
(1590, 34807, '2024-3', '2024-07-15', '2024-11-23'),
(1591, 34807, '2024-3', '2024-07-15', '2024-11-23'),
(1592, 34807, '2024-3', '2024-07-15', '2024-11-23'),
(1593, 34807, '2024-3', '2024-07-15', '2024-11-23'),
(13971, 34807, '2024-3', '2024-07-15', '2024-11-23'),
(14981, 34807, '2024-3', '2024-07-15', '2024-11-23'),
(1657, 34808, '2024-3', '2024-07-15', '2024-11-23'),
(1658, 34808, '2024-3', '2024-07-15', '2024-11-23'),
(1659, 34808, '2024-3', '2024-07-15', '2024-11-23'),
(13190, 34808, '2024-3', '2024-07-15', '2024-11-23'),
(1660, 34808, '2024-3', '2024-07-15', '2024-11-23'),
(2302, 2476, '2024-3', '2024-07-15', '2024-11-23'),
(2356, 2476, '2024-3', '2024-07-15', '2024-11-23'),
(2333, 2476, '2024-3', '2024-07-15', '2024-11-23'),
(2334, 2476, '2024-3', '2024-07-15', '2024-11-23'),
(2358, 2476, '2024-3', '2024-07-15', '2024-11-23'),
(2303, 2476, '2024-3', '2024-07-15', '2024-11-23'),
(2354, 2476, '2024-3', '2024-07-15', '2024-11-23'),
(2355, 2476, '2024-3', '2024-07-15', '2024-11-23'),
(4938, 1291, '2024-3', '2024-07-15', '2024-11-23'),
(4941, 1291, '2024-3', '2024-07-15', '2024-11-23'),
(4946, 1291, '2024-3', '2024-07-15', '2024-11-23'),
(1514, 4084, '2024-3', '2024-07-15', '2024-11-23'),
(1515, 4084, '2024-3', '2024-07-15', '2024-11-23'),
(1518, 4084, '2024-3', '2024-07-15', '2024-11-23'),
(1522, 4084, '2024-3', '2024-07-15', '2024-11-23'),
(1528, 4084, '2024-3', '2024-07-15', '2024-11-23'),
(9733, 4084, '2024-3', '2024-07-15', '2024-11-23'),
(1594, 4185, '2024-3', '2024-07-15', '2024-11-23'),
(1595, 4185, '2024-3', '2024-07-15', '2024-11-23'),
(1596, 4185, '2024-3', '2024-07-15', '2024-11-23'),
(15037, 4185, '2024-3', '2024-07-15', '2024-11-23'),
(1680, 5100, '2024-3', '2024-07-15', '2024-11-23'),
(1683, 5100, '2024-3', '2024-07-15', '2024-11-23'),
(14003, 5100, '2024-3', '2024-07-15', '2024-11-23'),
(7877, 34863, '2024-3', '2024-07-15', '2024-11-23'),
(7878, 34863, '2024-3', '2024-07-15', '2024-11-23'),
(7879, 34863, '2024-3', '2024-07-15', '2024-11-23'),
(1544, 34802, '2024-3', '2024-07-15', '2024-11-23'),
(1545, 34802, '2024-3', '2024-07-15', '2024-11-23'),
(1546, 34802, '2024-3', '2024-07-15', '2024-11-23'),
(1677, 34814, '2024-3', '2024-07-15', '2024-11-23'),
(1678, 34814, '2024-3', '2024-07-15', '2024-11-23'),
(1679, 34814, '2024-3', '2024-07-15', '2024-11-23'),
(13996, 34814, '2024-3', '2024-07-15', '2024-11-23'),
(13997, 34814, '2024-3', '2024-07-15', '2024-11-23'),
(13999, 34814, '2024-3', '2024-07-15', '2024-11-23'),
(14000, 34814, '2024-3', '2024-07-15', '2024-11-23'),
(14001, 34814, '2024-3', '2024-07-15', '2024-11-23'),
(1670, 34814, '2024-3', '2024-07-15', '2024-11-23'),
(1671, 34814, '2024-3', '2024-07-15', '2024-11-23'),
(1673, 34814, '2024-3', '2024-07-15', '2024-11-23'),
(1674, 34814, '2024-3', '2024-07-15', '2024-11-23'),
(1675, 34814, '2024-3', '2024-07-15', '2024-11-23'),
(13995, 34814, '2024-3', '2024-07-15', '2024-11-23'),
(1511, 34804, '2024-3', '2024-07-15', '2024-11-23'),
(1512, 34804, '2024-3', '2024-07-15', '2024-11-23'),
(7183, 34804, '2024-3', '2024-07-15', '2024-11-23'),
(8081, 16143, '2024-3', '2024-07-15', '2024-11-23'),
(8082, 16143, '2024-3', '2024-07-15', '2024-11-23'),
(8083, 16143, '2024-3', '2024-07-15', '2024-11-23'),
(7927, 2356, '2024-3', '2024-07-15', '2024-11-23'),
(7941, 2356, '2024-3', '2024-07-15', '2024-11-23'),
(7944, 2356, '2024-3', '2024-07-15', '2024-11-23'),
(7946, 2356, '2024-3', '2024-07-15', '2024-11-23'),
(7928, 2356, '2024-3', '2024-07-15', '2024-11-23'),
(7930, 2356, '2024-3', '2024-07-15', '2024-11-23'),
(7932, 2356, '2024-3', '2024-07-15', '2024-11-23'),
(7933, 2356, '2024-3', '2024-07-15', '2024-11-23'),
(7936, 2356, '2024-3', '2024-07-15', '2024-11-23'),
(7937, 2356, '2024-3', '2024-07-15', '2024-11-23'),
(7938, 2356, '2024-3', '2024-07-15', '2024-11-23'),
(1553, 3194, '2024-3', '2024-07-15', '2024-11-23'),
(1554, 3194, '2024-3', '2024-07-15', '2024-11-23'),
(1555, 3194, '2024-3', '2024-07-15', '2024-11-23'),
(13514, 3194, '2024-3', '2024-07-15', '2024-11-23'),
(1666, 3194, '2024-3', '2024-07-15', '2024-11-23'),
(1475, 31339, '2024-3', '2024-07-15', '2024-11-23'),
(1476, 31339, '2024-3', '2024-07-15', '2024-11-23'),
(13992, 31339, '2024-3', '2024-07-15', '2024-11-23'),
(66, 1295, '2021-1', '2021-01-25', '2021-06-05'),--Inserts primer semestre (2021-1)
(127, 1295, '2021-1', '2021-01-25', '2021-06-05'),
(103, 1295, '2021-1', '2021-01-25', '2021-06-05'),
(98, 1295, '2021-1', '2021-01-25', '2021-06-05'),
(148, 1295, '2021-1', '2021-01-25', '2021-06-05'),
(75, 1295, '2021-1', '2021-01-25', '2021-06-05'),
(149, 1295, '2021-1', '2021-01-25', '2021-06-05'),
(41, 1295, '2021-1', '2021-01-25', '2021-06-05'),
(146, 1295, '2021-1', '2021-01-25', '2021-06-05'),
(81, 1295, '2021-1', '2021-01-25', '2021-06-05'),
(102, 1295, '2021-1', '2021-01-25', '2021-06-05'),
(14, 1295, '2021-1', '2021-01-25', '2021-06-05'),
(36, 1295, '2021-1', '2021-01-25', '2021-06-05'),
(89, 33518, '2021-1', '2021-01-25', '2021-06-05'),
(131, 33518, '2021-1', '2021-01-25', '2021-06-05'),
(136, 33518, '2021-1', '2021-01-25', '2021-06-05'),
(59, 33518, '2021-1', '2021-01-25', '2021-06-05'),
(38, 33698, '2021-1', '2021-01-25', '2021-06-05'),
(9, 33698, '2021-1', '2021-01-25', '2021-06-05'),
(120, 33698, '2021-1', '2021-01-25', '2021-06-05'),
(18, 33698, '2021-1', '2021-01-25', '2021-06-05'),
(50, 33698, '2021-1', '2021-01-25', '2021-06-05'),
(107, 33698, '2021-1', '2021-01-25', '2021-06-05'),
(72, 33698, '2021-1', '2021-01-25', '2021-06-05'),
(5, 33698, '2021-1', '2021-01-25', '2021-06-05'),
(17, 33698, '2021-1', '2021-01-25', '2021-06-05'),
(119, 33698, '2021-1', '2021-01-25', '2021-06-05'),
(82, 33698, '2021-1', '2021-01-25', '2021-06-05'),
(133, 33698, '2021-1', '2021-01-25', '2021-06-05'),
(60, 33698, '2021-1', '2021-01-25', '2021-06-05'),
(53, 33698, '2021-1', '2021-01-25', '2021-06-05'),
(54, 33698, '2021-1', '2021-01-25', '2021-06-05'),
(106, 33698, '2021-1', '2021-01-25', '2021-06-05'),
(101, 33698, '2021-1', '2021-01-25', '2021-06-05'),
(45, 33698, '2021-1', '2021-01-25', '2021-06-05'),
(22, 33698, '2021-1', '2021-01-25', '2021-06-05'),
(84, 33698, '2021-1', '2021-01-25', '2021-06-05'),
(1, 33698, '2021-1', '2021-01-25', '2021-06-05'),
(67, 33698, '2021-1', '2021-01-25', '2021-06-05'),
(26, 33698, '2021-1', '2021-01-25', '2021-06-05'),
(90, 33698, '2021-1', '2021-01-25', '2021-06-05'),
(34, 33698, '2021-1', '2021-01-25', '2021-06-05'),
(113, 33698, '2021-1', '2021-01-25', '2021-06-05'),
(94, 33698, '2021-1', '2021-01-25', '2021-06-05'),
(137, 33698, '2021-1', '2021-01-25', '2021-06-05'),
(33, 33698, '2021-1', '2021-01-25', '2021-06-05'),
(11, 33698, '2021-1', '2021-01-25', '2021-06-05'),
(115, 33698, '2021-1', '2021-01-25', '2021-06-05'),
(109, 33698, '2021-1', '2021-01-25', '2021-06-05'),
(97, 4075, '2021-1', '2021-01-25', '2021-06-05'),
(58, 4075, '2021-1', '2021-01-25', '2021-06-05'),
(29, 4075, '2021-1', '2021-01-25', '2021-06-05'),
(83, 4075, '2021-1', '2021-01-25', '2021-06-05'),
(132, 4075, '2021-1', '2021-01-25', '2021-06-05'),
(79, 33763, '2021-1', '2021-01-25', '2021-06-05'),
(47, 33763, '2021-1', '2021-01-25', '2021-06-05'),
(112, 33763, '2021-1', '2021-01-25', '2021-06-05'),
(15, 33763, '2021-1', '2021-01-25', '2021-06-05'),
(63, 33763, '2021-1', '2021-01-25', '2021-06-05'),
(126, 33763, '2021-1', '2021-01-25', '2021-06-05'),
(12, 33763, '2021-1', '2021-01-25', '2021-06-05'),
(139, 33763, '2021-1', '2021-01-25', '2021-06-05'),
(39, 33763, '2021-1', '2021-01-25', '2021-06-05'),
(110, 33763, '2021-1', '2021-01-25', '2021-06-05'),
(70, 33763, '2021-1', '2021-01-25', '2021-06-05'),
(150, 33763, '2021-1', '2021-01-25', '2021-06-05'),
(8, 33763, '2021-1', '2021-01-25', '2021-06-05'),
(116, 33763, '2021-1', '2021-01-25', '2021-06-05'),
(68, 33763, '2021-1', '2021-01-25', '2021-06-05'),
(129, 33763, '2021-1', '2021-01-25', '2021-06-05'),
(57, 33763, '2021-1', '2021-01-25', '2021-06-05'),
(25, 33763, '2021-1', '2021-01-25', '2021-06-05'),
(147, 33763, '2021-1', '2021-01-25', '2021-06-05'),
(49, 33763, '2021-1', '2021-01-25', '2021-06-05'),
(48, 33763, '2021-1', '2021-01-25', '2021-06-05'),
(61, 33763, '2021-1', '2021-01-25', '2021-06-05'),
(108, 33763, '2021-1', '2021-01-25', '2021-06-05'),
(78, 33763, '2021-1', '2021-01-25', '2021-06-05'),
(7, 33763, '2021-1', '2021-01-25', '2021-06-05'),
(4, 33763, '2021-1', '2021-01-25', '2021-06-05'),
(122, 33763, '2021-1', '2021-01-25', '2021-06-05'),
(19, 33763, '2021-1', '2021-01-25', '2021-06-05'),
(77, 33763, '2021-1', '2021-01-25', '2021-06-05'),
(16, 33763, '2021-1', '2021-01-25', '2021-06-05'),
(124, 33763, '2021-1', '2021-01-25', '2021-06-05'),
(100, 33763, '2021-1', '2021-01-25', '2021-06-05'),
(111, 33763, '2021-1', '2021-01-25', '2021-06-05'),
(123, 33763, '2021-1', '2021-01-25', '2021-06-05'),
(85, 33763, '2021-1', '2021-01-25', '2021-06-05'),
(46, 33763, '2021-1', '2021-01-25', '2021-06-05'),
(87, 33763, '2021-1', '2021-01-25', '2021-06-05'),
(2, 33763, '2021-1', '2021-01-25', '2021-06-05'),
(130, 33763, '2021-1', '2021-01-25', '2021-06-05'),
(44, 33763, '2024-3', '2024-07-15', '2024-11-23'),
(56, 33763, '2021-1', '2021-01-25', '2021-06-05'),
(32, 33763, '2021-1', '2021-01-25', '2021-06-05'),
(55, 33763, '2021-1', '2021-01-25', '2021-06-05'),
(95, 33763, '2021-1', '2021-01-25', '2021-06-05'),
(141, 34809, '2021-1', '2021-01-25', '2021-06-05'),
(52, 34809, '2021-1', '2021-01-25', '2021-06-05'),
(138, 34809, '2021-1', '2021-01-25', '2021-06-05'),
(30, 34809, '2021-1', '2021-01-25', '2021-06-05'),
(114, 34809, '2021-1', '2021-01-25', '2021-06-05'),
(151, 1297, '2021-3', '2021-07-19', '2021-11-27'),--Inserts Materias segundo semestre (2021-3)
(189, 1297, '2021-3', '2021-07-19', '2021-11-27'),
(152, 1297, '2021-3', '2021-07-19', '2021-11-27'),
(169, 1297, '2021-3', '2021-07-19', '2021-11-27'),
(168, 1297, '2021-3', '2021-07-19', '2021-11-27'),
(198, 1297, '2021-3', '2021-07-19', '2021-11-27'),
(195, 1297, '2021-3', '2021-07-19', '2021-11-27'),
(155, 1297, '2021-3', '2021-07-19', '2021-11-27'),
(185, 1297, '2021-3', '2021-07-19', '2021-11-27'),
(190, 1290, '2021-3', '2021-07-19', '2021-11-27'),
(199, 1290, '2021-3', '2021-07-19', '2021-11-27'),
(176, 1290, '2021-3', '2021-07-19', '2021-11-27'),
(200, 1290, '2021-3', '2021-07-19', '2021-11-27'),
(157, 1290, '2021-3', '2021-07-19', '2021-11-27'),
(196, 1290, '2021-3', '2021-07-19', '2021-11-27'),
(194, 1290, '2021-3', '2021-07-19', '2021-11-27'),
(182, 1290, '2021-3', '2021-07-19', '2021-11-27'),
(177, 1290, '2021-3', '2021-07-19', '2021-11-27'),
(175, 1290, '2021-3', '2021-07-19', '2021-11-27'),
(170, 33699, '2021-3', '2021-07-19', '2021-11-27'),
(188, 33699, '2021-3', '2021-07-19', '2021-11-27'),
(163, 33699, '2021-3', '2021-07-19', '2021-11-27'),
(197, 34816, '2021-3', '2021-07-19', '2021-11-27'),
(187, 34816, '2021-3', '2021-07-19', '2021-11-27'),
(183, 34816, '2021-3', '2021-07-19', '2021-11-27'),
(180, 34816, '2021-3', '2021-07-19', '2021-11-27'),
(192, 33733, '2021-3', '2021-07-19', '2021-11-27'),
(158, 33733, '2021-3', '2021-07-19', '2021-11-27'),
(193, 33733, '2021-3', '2021-07-19', '2021-11-27'),
(173, 33733, '2021-3', '2021-07-19', '2021-11-27'),
(156, 33733, '2021-3', '2021-07-19', '2021-11-27'),
(167, 34580, '2021-3', '2021-07-19', '2021-11-27'),
(184, 34580, '2021-3', '2021-07-19', '2021-11-27'),
(204, 33732, '2022-1', '2022-01-24', '2022-06-04'),--Inserts materias tercer semestre (2022-1)
(237, 33732, '2022-1', '2022-01-24', '2022-06-04'),
(216, 33732, '2022-1', '2022-01-24', '2022-06-04'),
(213, 33732, '2022-1', '2022-01-24', '2022-06-04'),
(208, 33732, '2022-1', '2022-01-24', '2022-06-04'),
(205, 33700, '2022-1', '2022-01-24', '2022-06-04'),
(240, 33700, '2022-1', '2022-01-24', '2022-06-04'),
(248, 34805, '2022-1', '2022-01-24', '2022-06-04'),
(227, 34805, '2022-1', '2022-01-24', '2022-06-04'),
(250, 4190, '2022-1', '2022-01-24', '2022-06-04'),
(247, 4190, '2022-1', '2022-01-24', '2022-06-04'),
(241, 4190, '2022-1', '2022-01-24', '2022-06-04'),
(215, 4190, '2022-1', '2022-01-24', '2022-06-04'),
(219, 2544, '2022-1', '2022-01-24', '2022-06-04'),
(235, 2544, '2022-1', '2022-01-24', '2022-06-04'),
(243, 2544, '2022-1', '2022-01-24', '2022-06-04'),
(246, 2544, '2022-1', '2022-01-24', '2022-06-04'),
(212, 2544, '2022-1', '2022-01-24', '2022-06-04'),
(211, 2544, '2022-1', '2022-01-24', '2022-06-04'),
(232, 2544, '2022-1', '2022-01-24', '2022-06-04'),
(244, 2544, '2022-1', '2022-01-24', '2022-06-04'),
(278, 4196, '2022-3', '2022-07-18', '2022-11-26'),--Inserts materias cuarto semestre (2022-3)
(279, 4196, '2022-3', '2022-07-18', '2022-11-26'),
(296, 4196, '2022-3', '2022-07-18', '2022-11-26'),
(284, 4196, '2022-3', '2022-07-18', '2022-11-26'),
(266, 4082, '2022-3', '2022-07-18', '2022-11-26'),
(297, 4082, '2022-3', '2022-07-18', '2022-11-26'),
(286, 34803, '2022-3', '2022-07-18', '2022-11-26'),
(294, 34806, '2022-3', '2022-07-18', '2022-11-26'),
(290, 34806, '2022-3', '2022-07-18', '2022-11-26'),
(298, 34806, '2022-3', '2022-07-18', '2022-11-26'),
(2500, 4085, '2022-3', '2022-07-18', '2022-11-26'),
(271, 4085, '2022-3', '2022-07-18', '2022-11-26'),
(346, 1299, '2023-1', '2023-01-23', '2023-06-03'),--Inserts materias quinto semestre (2023-1)
(324, 1299, '2023-1', '2023-01-23', '2023-06-03'),
(349, 1299, '2023-1', '2023-01-23', '2023-06-03'),
(311, 1299, '2023-1', '2023-01-23', '2023-06-03'),
(316, 34801, '2023-1', '2023-01-23', '2023-06-03'),
(322, 34801, '2023-1', '2023-01-23', '2023-06-03'),
(327, 34801, '2023-1', '2023-01-23', '2023-06-03'),
(309, 34810, '2023-1', '2023-01-23', '2023-06-03'),
(321, 22586, '2023-1', '2023-01-23', '2023-06-03'),
(332, 22586, '2023-1', '2023-01-23', '2023-06-03'),
(374, 1340, '2023-3', '2023-07-17', '2023-11-25'),--Inserts materias sexto semestre (2023-3)
(366, 1340, '2023-3', '2023-07-17', '2023-11-25'),
(367, 1340, '2023-3', '2023-07-17', '2023-11-25'),
(381, 1340, '2023-3', '2023-07-17', '2023-11-25'),
(369, 1340, '2023-3', '2023-07-17', '2023-11-25'),
(397, 1340, '2023-3', '2023-07-17', '2023-11-25'),
(388, 1340, '2023-3', '2023-07-17', '2023-11-25'),
(392, 1340, '2023-3', '2023-07-17', '2023-11-25'),
(372, 1300, '2023-3', '2023-07-17', '2023-11-25'),
(395, 1300, '2023-3', '2023-07-17', '2023-11-25'),
(385, 1300, '2023-3', '2023-07-17', '2023-11-25'),
(377, 1300, '2023-3', '2023-07-17', '2023-11-25'),
(351, 34866, '2023-3', '2023-07-17', '2023-11-25'),
(396, 34866, '2023-3', '2023-07-17', '2023-11-25'),
(359, 34866, '2023-3', '2023-07-17', '2023-11-25'),
(362, 34866, '2023-3', '2023-07-17', '2023-11-25'),
(375, 34866, '2023-3', '2023-07-17', '2023-11-25'),
(393, 34807, '2023-3', '2023-07-17', '2023-11-25'),
(370, 34807, '2023-3', '2023-07-17', '2023-11-25'),
(383, 34807, '2023-3', '2023-07-17', '2023-11-25'),
(356, 34807, '2023-3', '2023-07-17', '2023-11-25'),
(384, 34807, '2023-3', '2023-07-17', '2023-11-25'),
(390, 34807, '2023-3', '2023-07-17', '2023-11-25'),
(352, 34808, '2023-3', '2023-07-17', '2023-11-25'),
(363, 34808, '2023-3', '2023-07-17', '2023-11-25'),
(376, 34808, '2023-3', '2023-07-17', '2023-11-25'),
(382, 34808, '2023-3', '2023-07-17', '2023-11-25'),
(398, 34808, '2023-3', '2023-07-17', '2023-11-25'),
(368, 2476, '2023-3', '2023-07-17', '2023-11-25'),
(354, 2476, '2023-3', '2023-07-17', '2023-11-25'),
(387, 2476, '2023-3', '2023-07-17', '2023-11-25'),
(380, 2476, '2023-3', '2023-07-17', '2023-11-25'),
(357, 2476, '2023-3', '2023-07-17', '2023-11-25'),
(378, 2476, '2023-3', '2023-07-17', '2023-11-25'),
(399, 2476, '2023-3', '2023-07-17', '2023-11-25'),
(391, 2476, '2023-3', '2023-07-17', '2023-11-25'),
(358, 3194, '2023-3', '2023-07-17', '2023-11-25'),
(371, 3194, '2023-3', '2023-07-17', '2023-11-25'),
(361, 3194, '2023-3', '2023-07-17', '2023-11-25'),
(360, 3194, '2023-3', '2023-07-17', '2023-11-25'),
(461, 1291, '2024-1', '2024-01-22', '2024-06-01'),--Inserts materias septimo semestre (2024-1)
(426, 1291, '2024-1', '2024-01-22', '2024-06-01'),
(406, 1291, '2024-1', '2024-01-22', '2024-06-01'),
(411, 4084, '2024-1', '2024-01-22', '2024-06-01'),
(415, 4084, '2024-1', '2024-01-22', '2024-06-01'),
(492, 4084, '2024-1', '2024-01-22', '2024-06-01'),
(430, 4084, '2024-1', '2024-01-22', '2024-06-01'),
(499, 4084, '2024-1', '2024-01-22', '2024-06-01'),
(484, 4084, '2024-1', '2024-01-22', '2024-06-01'),
(469, 4185, '2024-1', '2024-01-22', '2024-06-01'),
(475, 4185, '2024-1', '2024-01-22', '2024-06-01'),
(487, 4185, '2024-1', '2024-01-22', '2024-06-01'),
(410, 4185, '2024-1', '2024-01-22', '2024-06-01'),
(466, 5100, '2024-1', '2024-01-22', '2024-06-01'),
(413, 5100, '2024-1', '2024-01-22', '2024-06-01'),
(440, 5100, '2024-1', '2024-01-22', '2024-06-01'),
(485, 34863, '2024-1', '2024-01-22', '2024-06-01'),
(482, 34863, '2024-1', '2024-01-22', '2024-06-01'),
(428, 34863, '2024-1', '2024-01-22', '2024-06-01'),
(476, 31339, '2024-1', '2024-01-22', '2024-06-01'),
(403, 31339, '2024-1', '2024-01-22', '2024-06-01'),
(416, 31339, '2024-1', '2024-01-22', '2024-06-01'),
(555, 1295, '2025-1', '2025-01-25', '2025-06-05'),----2025
(604, 1295, '2025-1', '2025-01-25', '2025-06-05'),
(650, 1295, '2025-1', '2025-01-25', '2025-06-05'),
(658, 1295, '2025-1', '2025-01-25', '2025-06-05'),
(600, 1295, '2025-1', '2025-01-25', '2025-06-05'),
(579, 1295, '2025-1', '2025-01-25', '2025-06-05'),
(596, 1295, '2025-1', '2025-01-25', '2025-06-05'),
(520, 1295, '2025-1', '2025-01-25', '2025-06-05'),
(779, 1295, '2025-1', '2025-01-25', '2025-06-05'),
(742, 1295, '2025-1', '2025-01-25', '2025-06-05'),
(627, 1295, '2025-1', '2025-01-25', '2025-06-05'),
(677, 1295, '2025-1', '2025-01-25', '2025-06-05'),
(679, 1295, '2025-1', '2025-01-25', '2025-06-05'),
(693, 33518, '2025-1', '2025-01-25', '2025-06-05'),
(786, 33518, '2025-1', '2025-01-25', '2025-06-05'),
(543, 33518, '2025-1', '2025-01-25', '2025-06-05'),
(717, 33518, '2025-1', '2025-01-25', '2025-06-05'),
(776, 33698, '2025-1', '2025-01-25', '2025-06-05'),
(645, 33698, '2025-1', '2025-01-25', '2025-06-05'),
(508, 33698, '2025-1', '2025-01-25', '2025-06-05'),
(561, 33698, '2025-1', '2025-01-25', '2025-06-05'),
(665, 33698, '2025-1', '2025-01-25', '2025-06-05'),
(548, 33698, '2025-1', '2025-01-25', '2025-06-05'),
(542, 33698, '2025-1', '2025-01-25', '2025-06-05'),
(601, 33698, '2025-1', '2025-01-25', '2025-06-05'),
(533, 33698, '2025-1', '2025-01-25', '2025-06-05'),
(691, 33698, '2025-1', '2025-01-25', '2025-06-05'),
(511, 33698, '2025-1', '2025-01-25', '2025-06-05'),
(702, 33698, '2025-1', '2025-01-25', '2025-06-05'),
(704, 33698, '2025-1', '2025-01-25', '2025-06-05'),
(659, 33698, '2025-1', '2025-01-25', '2025-06-05'),
(632, 33698, '2025-1', '2025-01-25', '2025-06-05'),
(515, 33698, '2025-1', '2025-01-25', '2025-06-05'),
(790, 33698, '2025-1', '2025-01-25', '2025-06-05'),
(694, 33698, '2025-1', '2025-01-25', '2025-06-05'),
(524, 33698, '2025-1', '2025-01-25', '2025-06-05'),
(699, 33698, '2025-1', '2025-01-25', '2025-06-05'),
(767, 33698, '2025-1', '2025-01-25', '2025-06-05'),
(583, 33698, '2025-1', '2025-01-25', '2025-06-05'),
(506, 33698, '2025-1', '2025-01-25', '2025-06-05'),
(757, 33698, '2025-1', '2025-01-25', '2025-06-05'),
(720, 33698, '2025-1', '2025-01-25', '2025-06-05'),
(525, 33698, '2025-1', '2025-01-25', '2025-06-05'),
(616, 33698, '2025-1', '2025-01-25', '2025-06-05'),
(667, 33698, '2025-1', '2025-01-25', '2025-06-05'),
(612, 33698, '2025-1', '2025-01-25', '2025-06-05'),
(562, 33698, '2025-1', '2025-01-25', '2025-06-05'),
(592, 33698, '2025-1', '2025-01-25', '2025-06-05'),
(753, 33698, '2025-1', '2025-01-25', '2025-06-05'),
(683, 4075, '2025-1', '2025-01-25', '2025-06-05'),
(730, 4075, '2025-1', '2025-01-25', '2025-06-05'),
(712, 4075, '2025-1', '2025-01-25', '2025-06-05'),
(773, 4075, '2025-1', '2025-01-25', '2025-06-05'),
(684, 4075, '2025-1', '2025-01-25', '2025-06-05'),
(630, 33763, '2025-1', '2025-01-25', '2025-06-05'),
(611, 33763, '2025-1', '2025-01-25', '2025-06-05'),
(701, 33763, '2025-1', '2025-01-25', '2025-06-05'),
(643, 33763, '2025-1', '2025-01-25', '2025-06-05'),
(546, 33763, '2025-1', '2025-01-25', '2025-06-05'),
(660, 33763, '2025-1', '2025-01-25', '2025-06-05'),
(777, 33763, '2025-1', '2025-01-25', '2025-06-05'),
(582, 33763, '2025-1', '2025-01-25', '2025-06-05'),
(685, 33763, '2025-1', '2025-01-25', '2025-06-05'),
(669, 33763, '2025-1', '2025-01-25', '2025-06-05'),
(710, 33763, '2025-1', '2025-01-25', '2025-06-05'),
(598, 33763, '2025-1', '2025-01-25', '2025-06-05'),
(770, 33763, '2025-1', '2025-01-25', '2025-06-05'),
(599, 33763, '2025-1', '2025-01-25', '2025-06-05'),
(680, 33763, '2025-1', '2025-01-25', '2025-06-05'),
(538, 33763, '2025-1', '2025-01-25', '2025-06-05'),
(553, 33763, '2025-1', '2025-01-25', '2025-06-05'),
(774, 33763, '2025-1', '2025-01-25', '2025-06-05'),
(746, 33763, '2025-1', '2025-01-25', '2025-06-05'),
(697, 33763, '2025-1', '2025-01-25', '2025-06-05'),
(725, 33763, '2025-1', '2025-01-25', '2025-06-05'),
(756, 33763, '2025-1', '2025-01-25', '2025-06-05'),
(566, 33763, '2025-1', '2025-01-25', '2025-06-05'),
(595, 33763, '2025-1', '2025-01-25', '2025-06-05'),
(654, 33763, '2025-1', '2025-01-25', '2025-06-05'),
(568, 33763, '2025-1', '2025-01-25', '2025-06-05'),
(610, 33763, '2025-1', '2025-01-25', '2025-06-05'),
(759, 33763, '2025-1', '2025-01-25', '2025-06-05'),
(709, 33763, '2025-1', '2025-01-25', '2025-06-05'),
(754, 33763, '2025-1', '2025-01-25', '2025-06-05'),
(662, 33763, '2025-1', '2025-01-25', '2025-06-05'),
(535, 33763, '2025-1', '2025-01-25', '2025-06-05'),
(585, 33763, '2025-1', '2025-01-25', '2025-06-05'),
(558, 33763, '2025-1', '2025-01-25', '2025-06-05'),
(664, 33763, '2025-1', '2025-01-25', '2025-06-05'),
(737, 33763, '2025-1', '2025-01-25', '2025-06-05'),
(531, 33763, '2025-1', '2025-01-25', '2025-06-05'),
(743, 33763, '2025-1', '2025-01-25', '2025-06-05'),
(523, 33763, '2025-1', '2025-01-25', '2025-06-05'),
(567, 33763, '2025-1', '2025-01-25', '2025-06-05'),
(516, 33763, '2025-1', '2025-01-25', '2025-06-05'),
(636, 33763, '2025-1', '2025-01-25', '2025-06-05'),
(798, 33763, '2025-1', '2025-01-25', '2025-06-05'),
(557, 33763, '2025-1', '2025-01-25', '2025-06-05'),
(591, 34809, '2025-1', '2025-01-25', '2025-06-05'),
(518, 34809, '2025-1', '2025-01-25', '2025-06-05'),
(716, 34809, '2025-1', '2025-01-25', '2025-06-05'),
(634, 34809, '2025-1', '2025-01-25', '2025-06-05'),
(718, 34809, '2025-1', '2025-01-25', '2025-06-05'),
(565, 1297, '2025-1', '2025-01-25', '2025-06-05'),
(526, 1297, '2025-1', '2025-01-25', '2025-06-05'),
(534, 1297, '2025-1', '2025-01-25', '2025-06-05'),
(729, 1297, '2025-1', '2025-01-25', '2025-06-05'),
(578, 1297, '2025-1', '2025-01-25', '2025-06-05'),
(648, 1297, '2025-1', '2025-01-25', '2025-06-05'),
(769, 1297, '2025-1', '2025-01-25', '2025-06-05'),
(509, 1297, '2025-1', '2025-01-25', '2025-06-05'),
(505, 1297, '2025-1', '2025-01-25', '2025-06-05'),
(559, 1290, '2025-1', '2025-01-25', '2025-06-05'),
(686, 1290, '2025-1', '2025-01-25', '2025-06-05'),
(547, 1290, '2025-1', '2025-01-25', '2025-06-05'),
(522, 1290, '2025-1', '2025-01-25', '2025-06-05'),
(633, 1290, '2025-1', '2025-01-25', '2025-06-05'),
(732, 1290, '2025-1', '2025-01-25', '2025-06-05'),
(647, 1290, '2025-1', '2025-01-25', '2025-06-05'),
(782, 1290, '2025-1', '2025-01-25', '2025-06-05'),
(762, 1290, '2025-1', '2025-01-25', '2025-06-05'),
(788, 1290, '2025-1', '2025-01-25', '2025-06-05'),
(728, 33699, '2025-1', '2025-01-25', '2025-06-05'),
(796, 33699, '2025-1', '2025-01-25', '2025-06-05'),
(676, 33699, '2025-1', '2025-01-25', '2025-06-05'),
(644, 34816, '2025-1', '2025-01-25', '2025-06-05'),
(707, 34816, '2025-1', '2025-01-25', '2025-06-05'),
(661, 34816, '2025-1', '2025-01-25', '2025-06-05'),
(589, 33733, '2025-1', '2025-01-25', '2025-06-05'),
(735, 33733, '2025-1', '2025-01-25', '2025-06-05'),
(705, 33733, '2025-1', '2025-01-25', '2025-06-05'),
(560, 33733, '2025-1', '2025-01-25', '2025-06-05'),
(688, 33733, '2025-1', '2025-01-25', '2025-06-05'),
(550, 34580, '2025-1', '2025-01-25', '2025-06-05'),
(624, 34580, '2025-1', '2025-01-25', '2025-06-05'),
(781, 33732, '2025-1', '2025-01-25', '2025-06-05'),
(771, 33732, '2025-1', '2025-01-25', '2025-06-05'),
(663, 33732, '2025-1', '2025-01-25', '2025-06-05'),
(530, 33732, '2025-1', '2025-01-25', '2025-06-05'),
(590, 33732, '2025-1', '2025-01-25', '2025-06-05'),
(607, 33700, '2025-1', '2025-01-25', '2025-06-05'),
(745, 33700, '2025-1', '2025-01-25', '2025-06-05'),
(552, 34805, '2025-1', '2025-01-25', '2025-06-05'),
(575, 34805, '2025-1', '2025-01-25', '2025-06-05'),
(744, 4190, '2025-1', '2025-01-25', '2025-06-05'),
(649, 4190, '2025-1', '2025-01-25', '2025-06-05'),
(755, 4190, '2025-1', '2025-01-25', '2025-06-05'),
(502, 4190, '2025-1', '2025-01-25', '2025-06-05'),
(739, 2544, '2025-1', '2025-01-25', '2025-06-05'),
(549, 2544, '2025-1', '2025-01-25', '2025-06-05'),
(791, 2544, '2025-1', '2025-01-25', '2025-06-05'),
(696, 2544, '2025-1', '2025-01-25', '2025-06-05'),
(724, 2544, '2025-1', '2025-01-25', '2025-06-05'),
(540, 2544, '2025-1', '2025-01-25', '2025-06-05'),
(778, 2544, '2025-1', '2025-01-25', '2025-06-05'),
(800, 2544, '2025-1', '2025-01-25', '2025-06-05'),
(541, 4196, '2025-1', '2025-01-25', '2025-06-05'),
(571, 4196, '2025-1', '2025-01-25', '2025-06-05'),
(772, 4196, '2025-1', '2025-01-25', '2025-06-05'),
(528, 4196, '2025-1', '2025-01-25', '2025-06-05'),
(614, 4082, '2025-1', '2025-01-25', '2025-06-05'),
(787, 4082, '2025-1', '2025-01-25', '2025-06-05'),
(594, 34803, '2025-1', '2025-01-25', '2025-06-05'),
(673, 34806, '2025-1', '2025-01-25', '2025-06-05'),
(692, 34806, '2025-1', '2025-01-25', '2025-06-05'),
(586, 34806, '2025-1', '2025-01-25', '2025-06-05'),
(719, 4085, '2025-1', '2025-01-25', '2025-06-05'),
(789, 4085, '2025-1', '2025-01-25', '2025-06-05'),
(628, 1299, '2025-1', '2025-01-25', '2025-06-05'),
(504, 1299, '2025-1', '2025-01-25', '2025-06-05'),
(617, 1299, '2025-1', '2025-01-25', '2025-06-05'),
(736, 1299, '2025-1', '2025-01-25', '2025-06-05'),
(784, 34801, '2025-1', '2025-01-25', '2025-06-05'),
(656, 34801, '2025-1', '2025-01-25', '2025-06-05'),
(608, 34801, '2025-1', '2025-01-25', '2025-06-05'),
(574, 34810, '2025-1', '2025-01-25', '2025-06-05'),
(731, 22586, '2025-1', '2025-01-25', '2025-06-05'),
(752, 22586, '2025-1', '2025-01-25', '2025-06-05'),
(785, 1340, '2025-1', '2025-01-25', '2025-06-05'),
(666, 1340, '2025-1', '2025-01-25', '2025-06-05'),
(551, 1340, '2025-1', '2025-01-25', '2025-06-05'),
(689, 1340, '2025-1', '2025-01-25', '2025-06-05'),
(536, 1340, '2025-1', '2025-01-25', '2025-06-05'),
(706, 1340, '2025-1', '2025-01-25', '2025-06-05'),
(668, 1340, '2025-1', '2025-01-25', '2025-06-05'),
(625, 1340, '2025-1', '2025-01-25', '2025-06-05'),
(569, 1300, '2025-1', '2025-01-25', '2025-06-05'),
(758, 1300, '2025-1', '2025-01-25', '2025-06-05'),
(674, 1300, '2025-1', '2025-01-25', '2025-06-05'),
(580, 1300, '2025-1', '2025-01-25', '2025-06-05'),
(733, 34866, '2025-1', '2025-01-25', '2025-06-05'),
(588, 34866, '2025-1', '2025-01-25', '2025-06-05'),
(768, 34866, '2025-1', '2025-01-25', '2025-06-05'),
(748, 34866, '2025-1', '2025-01-25', '2025-06-05'),
(792, 34866, '2025-1', '2025-01-25', '2025-06-05'),
(631, 34807, '2025-1', '2025-01-25', '2025-06-05'),
(682, 34807, '2025-1', '2025-01-25', '2025-06-05'),
(519, 34807, '2025-1', '2025-01-25', '2025-06-05'),
(687, 34807, '2025-1', '2025-01-25', '2025-06-05'),
(602, 34807, '2025-1', '2025-01-25', '2025-06-05'),
(698, 34807, '2025-1', '2025-01-25', '2025-06-05'),
(597, 34808, '2025-1', '2025-01-25', '2025-06-05'),
(635, 34808, '2025-1', '2025-01-25', '2025-06-05'),
(657, 34808, '2025-1', '2025-01-25', '2025-06-05'),
(642, 34808, '2025-1', '2025-01-25', '2025-06-05'),
(641, 34808, '2025-1', '2025-01-25', '2025-06-05'),
(512, 2476, '2025-1', '2025-01-25', '2025-06-05'),
(554, 2476, '2025-1', '2025-01-25', '2025-06-05'),
(603, 2476, '2025-1', '2025-01-25', '2025-06-05'),
(572, 2476, '2025-1', '2025-01-25', '2025-06-05'),
(727, 2476, '2025-1', '2025-01-25', '2025-06-05'),
(622, 2476, '2025-1', '2025-01-25', '2025-06-05'),
(646, 2476, '2025-1', '2025-01-25', '2025-06-05'),
(532, 2476, '2025-1', '2025-01-25', '2025-06-05'),
(545, 3194, '2025-1', '2025-01-25', '2025-06-05'),
(537, 3194, '2025-1', '2025-01-25', '2025-06-05'),
(501, 3194, '2025-1', '2025-01-25', '2025-06-05'),
(653, 3194, '2025-1', '2025-01-25', '2025-06-05'),
(619, 1291, '2025-1', '2025-01-25', '2025-06-05'),
(563, 1291, '2025-1', '2025-01-25', '2025-06-05'),
(740, 1291, '2025-1', '2025-01-25', '2025-06-05'),
(723, 4084, '2025-1', '2025-01-25', '2025-06-05'),
(750, 4084, '2025-1', '2025-01-25', '2025-06-05'),
(655, 4084, '2025-1', '2025-01-25', '2025-06-05'),
(690, 4084, '2025-1', '2025-01-25', '2025-06-05'),
(521, 4084, '2025-1', '2025-01-25', '2025-06-05'),
(573, 4084, '2025-1', '2025-01-25', '2025-06-05'),
(593, 4185, '2025-1', '2025-01-25', '2025-06-05'),
(713, 4185, '2025-1', '2025-01-25', '2025-06-05'),
(749, 4185, '2025-1', '2025-01-25', '2025-06-05'),
(620, 4185, '2025-1', '2025-01-25', '2025-06-05'),
(761, 5100, '2025-1', '2025-01-25', '2025-06-05'),
(681, 5100, '2025-1', '2025-01-25', '2025-06-05'),
(510, 5100, '2025-1', '2025-01-25', '2025-06-05'),
(618, 34863, '2025-1', '2025-01-25', '2025-06-05'),
(577, 34863, '2025-1', '2025-01-25', '2025-06-05'),
(765, 34863, '2025-1', '2025-01-25', '2025-06-05'),
(738, 31339, '2025-1', '2025-01-25', '2025-06-05'),
(671, 31339, '2025-1', '2025-01-25', '2025-06-05'),
(507, 31339, '2025-1', '2025-01-25', '2025-06-05'),
(675, 34802, '2025-1', '2025-01-25', '2025-06-05'),
(764, 34802, '2025-1', '2025-01-25', '2025-06-05'),
(766, 34802, '2025-1', '2025-01-25', '2025-06-05'),
(726, 34814, '2025-1', '2025-01-25', '2025-06-05'),
(517, 34814, '2025-1', '2025-01-25', '2025-06-05'),
(529, 34814, '2025-1', '2025-01-25', '2025-06-05'),
(638, 34814, '2025-1', '2025-01-25', '2025-06-05'),
(795, 34814, '2025-1', '2025-01-25', '2025-06-05'),
(783, 34814, '2025-1', '2025-01-25', '2025-06-05'),
(763, 34814, '2025-1', '2025-01-25', '2025-06-05'),
(587, 34814, '2025-1', '2025-01-25', '2025-06-05'),
(581, 34814, '2025-1', '2025-01-25', '2025-06-05'),
(793, 34814, '2025-1', '2025-01-25', '2025-06-05'),
(780, 34814, '2025-1', '2025-01-25', '2025-06-05'),
(721, 34814, '2025-1', '2025-01-25', '2025-06-05'),
(639, 34814, '2025-1', '2025-01-25', '2025-06-05'),
(544, 34814, '2025-1', '2025-01-25', '2025-06-05'),
(734, 34804, '2025-1', '2025-01-25', '2025-06-05'),
(564, 34804, '2025-1', '2025-01-25', '2025-06-05'),
(741, 34804, '2025-1', '2025-01-25', '2025-06-05'),
(760, 16143, '2025-1', '2025-01-25', '2025-06-05'),
(714, 16143, '2025-1', '2025-01-25', '2025-06-05'),
(678, 16143, '2025-1', '2025-01-25', '2025-06-05'),
(570, 2356, '2025-1', '2025-01-25', '2025-06-05'),
(715, 2356, '2025-1', '2025-01-25', '2025-06-05'),
(672, 2356, '2025-1', '2025-01-25', '2025-06-05'),
(651, 2356, '2025-1', '2025-01-25', '2025-06-05'),
(722, 2356, '2025-1', '2025-01-25', '2025-06-05'),
(637, 2356, '2025-1', '2025-01-25', '2025-06-05'),
(708, 2356, '2025-1', '2025-01-25', '2025-06-05'),
(629, 2356, '2025-1', '2025-01-25', '2025-06-05'),
(775, 2356, '2025-1', '2025-01-25', '2025-06-05'),
(615, 2356, '2025-1', '2025-01-25', '2025-06-05'),
(503, 2356, '2025-1', '2025-01-25', '2025-06-05')
ON CONFLICT (id_clase) DO NOTHING;

-- Notas
INSERT INTO Nota (id_nota, id_estudiante, id_curso, id_clase, nota) VALUES 
(1, 1, 1295, 66, 4.5),
(2, 2, 1295, 127, 3.7),
(3, 3, 1295, 103, 4.2),
(4, 4, 1295, 66, 2.9),
(5, 5, 1295, 127, 3.8),
(6, 6, 1295, 103, 4.1),
(7, 7, 1295, 66, 3.6),
(8, 8, 1295, 127, 4.7),
(9, 9, 1295, 103, 4.0),
(10, 10, 1295, 5324, 3.9),
(11, 11, 1295, 5330, 4.7),
(12, 12, 1295, 5341, 4.0),
(13, 13, 1295, 5350, 3.9),
(14, 14, 1295, 5198, 4.5),
(15, 15, 1295, 5378, 3.7),
(16, 16, 1295, 5385, 4.2),
(17, 17, 1295, 5391, 2.9),
(18, 18, 1295, 5447, 3.8),
(19, 19, 1295, 5222, 4.1),
(20, 20, 1295, 5265, 3.6),
(21, 21, 1295, 5266, 4.7),
(22, 22, 1295, 5301, 4.0),
(23, 23, 1295, 5324, 3.9),
(24, 24, 1295, 5330, 4.7),
(24, 25, 1295, 5341, 4.0),
(26, 26, 1295, 5350, 3.9),
(27, 1, 33518, 131, 4.5),
(28, 2, 33518, 131, 3.7),
(29, 3, 33518, 131, 4.2),
(30, 4, 33518, 131, 2.9),
(31, 5, 33518, 131, 3.8),
(32, 6, 33518, 131, 4.1),
(33, 7, 33518, 131, 3.6),
(34, 8, 33518, 131, 4.7),
(35, 9, 33518, 6677, 4.0),
(36, 10, 33518, 6719, 3.9),
(37, 11, 33518, 6746, 4.7),
(38, 12, 33518, 6799, 4.0),
(39, 13, 33518, 6677, 3.9),
(40, 14, 33518, 6719, 4.5),
(41, 15, 33518, 6746, 3.7),
(42, 16, 33518, 6799, 4.2),
(43, 17, 33518, 6677, 2.9),
(44, 18, 33518, 6719, 3.8),
(45, 19, 33518, 6746, 4.1),
(46, 20, 33518, 6799, 3.6),
(47, 21, 33518, 6677, 4.7),
(48, 22, 33518, 6719, 4.0),
(49, 23, 33518, 6746, 3.9),
(50, 24, 33518, 6799, 4.7),
(51, 25, 33518, 6677, 4.0),
(52, 26, 33518, 6719, 3.9),
(53, 1, 33698, 38, 4.5),
(54, 2, 33698, 38, 3.7),
(55, 3, 33698, 38, 4.2),
(56, 4, 33698, 38, 2.9),
(57, 5, 33698, 38, 3.8),
(58, 6, 33698, 38, 4.1),
(59, 7, 33698, 38, 3.6),
(60, 8, 33698, 38, 4.7),
(61, 9, 33698, 38, 4.0),
(62, 10, 33698, 1519, 3.9),
(63, 11, 33698, 1521, 4.7),
(64, 12, 33698, 1454, 4.0),
(65, 13, 33698, 1529, 3.9),
(66, 14, 33698, 1530, 4.5),
(67, 15, 33698, 13934, 3.7),
(68, 16, 33698, 1572, 4.2),
(69, 17, 33698, 1573, 2.9),
(70, 18, 33698, 1576, 3.8),
(71, 19, 33698, 1473, 4.1),
(72, 20, 33698, 1577, 3.6),
(73, 21, 33698, 1578, 4.7),
(74, 22, 33698, 1667, 4.0),
(75, 23, 33698, 1668, 3.9),
(76, 24, 33698, 13937, 4.7),
(77, 25, 33698, 1669, 4.0),
(78, 26, 33698, 15126, 3.9),
(79, 1, 4075, 97, 4.5),
(80, 2, 4075, 58, 3.7),
(81, 3, 4075, 29, 4.2),
(82, 4, 4075, 97, 2.9),
(83, 5, 4075, 58, 3.8),
(84, 6, 4075, 29, 4.1),
(85, 7, 4075, 97, 3.6),
(86, 8, 4075, 58, 4.7),
(87, 9, 4075, 29, 4.0),
(88, 10, 4075, 1490, 3.9),
(89, 11, 4075, 1485, 4.7),
(90, 12, 4075, 1486, 4.0),
(91, 13, 4075, 1487, 3.9),
(92, 14, 4075, 1488, 4.5),
(93, 15, 4075, 1490, 3.7),
(94, 16, 4075, 1485, 4.2),
(95, 17, 4075, 1486, 2.9),
(96, 18, 4075, 1487, 3.8),
(97, 19, 4075, 1488, 4.1),
(98, 20, 4075, 1490, 3.6),
(99, 21, 4075, 1485, 4.7),
(100, 22, 4075, 1486, 4.0),
(101, 23, 4075, 1487, 3.9),
(102, 24, 4075, 1488, 4.7),
(103, 25, 4075, 1490, 4.0),
(104, 26, 4075, 1485, 3.9),
(105, 1, 33763, 79, 4.5),
(106, 2, 33763, 47, 3.7),
(107, 3, 33763, 112, 4.2),
(108, 4, 33763, 79, 2.9),
(109, 5, 33763, 47, 3.8),
(110, 6, 33763, 112, 4.1),
(111, 7, 33763, 79, 3.6),
(112, 8, 33763, 47, 4.7),
(113, 9, 33763, 112, 4.0),
(114, 10, 33763, 5151, 3.9),
(115, 11, 33763, 5365, 4.7),
(116, 12, 33763, 5381, 4.0),
(117, 13, 33763, 5389, 3.9),
(118, 14, 33763, 9978, 4.5),
(119, 15, 33763, 9979, 3.7),
(120, 16, 33763, 9983, 4.2),
(121, 17, 33763, 4629, 2.9),
(122, 18, 33763, 9985, 3.8),
(123, 19, 33763, 9986, 4.1),
(124, 20, 33763, 9987, 3.6),
(125, 21, 33763, 9991, 4.7),
(126, 22, 33763, 9993, 4.0),
(127, 23, 33763, 9995, 3.9),
(128, 24, 33763, 4636, 4.7),
(129, 25, 33763, 4687, 4.0),
(130, 26, 33763, 5411, 3.9),
(131, 1, 34809, 138, 4.5),
(132, 2, 34809, 30, 3.7),
(133, 3, 34809, 114, 4.2),
(134, 4, 34809, 138, 2.9),
(135, 5, 34809, 30, 3.8),
(136, 6, 34809, 114, 4.1),
(137, 7, 34809, 138, 3.6),
(138, 8, 34809, 30, 4.7),
(139, 9, 34809, 114, 4.0),
(140, 10, 34809, 1498, 3.9),
(141, 11, 34809, 1499, 4.7),
(142, 12, 34809, 1492, 4.0),
(143, 13, 34809, 1494, 3.9),
(144, 14, 34809, 1662, 4.5),
(145, 15, 34809, 1498, 3.7),
(146, 16, 34809, 1499, 4.2),
(147, 17, 34809, 1492, 2.9),
(148, 18, 34809, 1494, 3.8),
(149, 19, 34809, 1662, 4.1),
(150, 20, 34809, 1498, 3.6),
(151, 21, 34809, 1499, 4.7),
(152, 22, 34809, 1492, 4.0),
(153, 23, 34809, 1494, 3.9),
(154, 24, 34809, 1662, 4.7),
(155, 25, 34809, 1498, 4.0),
(156, 26, 34809, 1499, 3.9),
(157, 27, 1297, 6193, 4.5),
(158, 28, 1297, 6199, 3.7),
(159, 29, 1297, 14920, 4.2),
(160, 30, 1297, 6168, 2.9),
(161, 31, 1297, 6170, 3.8),
(162, 32, 1297, 6175, 4.1),
(163, 33, 1297, 6180, 3.6),
(164, 34, 1297, 6182, 4.7),
(165, 35, 1297, 6186, 4.0),
(166, 36, 1297, 6193, 3.9),
(167, 37, 1297, 6199, 4.7),
(168, 38, 1297, 14920, 4.0),
(169, 39, 1297, 6168, 3.9),
(170, 40, 1297, 6170, 4.5),
(171, 41, 1297, 6175, 3.7),
(172, 42, 1297, 6180, 4.2),
(173, 43, 1297, 6182, 2.9),
(174, 44, 1297, 6186, 3.8),
(175, 45, 1297, 6193, 4.1),
(176, 46, 1297, 6199, 3.6),
(177, 47, 1297, 14920, 4.7),
(178, 48, 1297, 6168, 4.0),
(179, 49, 1297, 6170, 3.9),
(180, 50, 1297, 6175, 4.7),
(181, 51, 1297, 6180, 4.0),
(182, 52, 1297, 6182, 3.9),
(183, 27, 1290, 4185, 4.5),
(184, 28, 1290, 4504, 3.7),
(185, 29, 1290, 4532, 4.2),
(186, 30, 1290, 4543, 2.9),
(187, 31, 1290, 4561, 3.8),
(188, 32, 1290, 4590, 4.1),
(189, 33, 1290, 4596, 3.6),
(190, 34, 1290, 4242, 4.7),
(191, 35, 1290, 4311, 4.0),
(192, 36, 1290, 4327, 3.9),
(193, 37, 1290, 4185, 4.7),
(194, 38, 1290, 4504, 4.0),
(195, 39, 1290, 4532, 3.9),
(196, 40, 1290, 4543, 4.5),
(197, 41, 1290, 4561, 3.7),
(198, 42, 1290, 4590, 4.2),
(199, 43, 1290, 4596, 2.9),
(200, 44, 1290, 4242, 3.8),
(201, 45, 1290, 4311, 4.1),
(202, 46, 1290, 4327, 3.6),
(203, 47, 1290, 4185, 4.7),
(204, 48, 1290, 4504, 4.0),
(205, 49, 1290, 4532, 3.9),
(206, 50, 1290, 4543, 4.7),
(207, 51, 1290, 4561, 4.0),
(208, 52, 1290, 4590, 3.9),
(208, 27, 33699, 1447, 4.5),
(209, 28, 33699, 1464, 3.7),
(210, 29, 33699, 1465, 4.2),
(211, 30, 33699, 1447, 2.9),
(212, 31, 33699, 1464, 3.8),
(213, 32, 33699, 1465, 4.1),
(214, 33, 33699, 1447, 3.6),
(215, 34, 33699, 1464, 4.7),
(216, 35, 33699, 1465, 4.0),
(217, 36, 33699, 1447, 3.9),
(218, 37, 33699, 1464, 4.7),
(219, 38, 33699, 1465, 4.0),
(220, 39, 33699, 1447, 3.9),
(221, 40, 33699, 1464, 4.5),
(222, 41, 33699, 1465, 3.7),
(223, 42, 33699, 1447, 4.2),
(224, 43, 33699, 1464, 2.9),
(225, 44, 33699, 1465, 3.8),
(226, 45, 33699, 1447, 4.1),
(227, 46, 33699, 1464, 3.6),
(228, 47, 33699, 1465, 4.7),
(229, 48, 33699, 1447, 4.0),
(230, 49, 33699, 1464, 3.9),
(231, 50, 33699, 1465, 4.7),
(232, 51, 33699, 1447, 4.0),
(233, 52, 33699, 1464, 3.9),
(234, 27, 34816, 1535, 4.5),
(235, 28, 34816, 1536, 3.7),
(236, 29, 34816, 14906, 4.2),
(237, 30, 34816, 1535, 2.9),
(238, 31, 34816, 1536, 3.8),
(239, 32, 34816, 14906, 4.1),
(240, 33, 34816, 1535, 3.6),
(241, 34, 34816, 1536, 4.7),
(242, 35, 34816, 14906, 4.0),
(243, 36, 34816, 1535, 3.9),
(244, 37, 34816, 1536, 4.7),
(245, 38, 34816, 14906, 4.0),
(246, 39, 34816, 1535, 3.9),
(247, 40, 34816, 1536, 4.5),
(248, 41, 34816, 14906, 3.7),
(249, 42, 34816, 1535, 4.2),
(250, 43, 34816, 1536, 2.9),
(251, 44, 34816, 14906, 3.8),
(252, 45, 34816, 1535, 4.1),
(253, 46, 34816, 1536, 3.6),
(254, 47, 34816, 14906, 4.7),
(255, 48, 34816, 1535, 4.0),
(256, 49, 34816, 1536, 3.9),
(257, 50, 34816, 14906, 4.7),
(258, 51, 34816, 1535, 4.0),
(259, 52, 34816, 1536, 3.9),
(260, 27, 33733, 3868, 4.5),
(261, 28, 33733, 3906, 3.7),
(262, 29, 33733, 3943, 4.2),
(263, 30, 33733, 3984, 2.9),
(264, 31, 33733, 12461, 3.8),
(265, 32, 33733, 3868, 4.1),
(266, 33, 33733, 3906, 3.6),
(267, 34, 33733, 3943, 4.7),
(268, 35, 33733, 3984, 4.0),
(269, 36, 33733, 12461, 3.9),
(270, 37, 33733, 3868, 4.7),
(271, 38, 33733, 3906, 4.0),
(272, 39, 33733, 3943, 3.9),
(273, 40, 33733, 3984, 4.5),
(274, 41, 33733, 12461, 3.7),
(275, 42, 33733, 3868, 4.2),
(276, 43, 33733, 3906, 2.9),
(277, 44, 33733, 3943, 3.8),
(278, 45, 33733, 3984, 4.1),
(279, 46, 33733, 12461, 3.6),
(280, 47, 33733, 3868, 4.7),
(281, 48, 33733, 3906, 4.0),
(282, 49, 33733, 3943, 3.9),
(283, 50, 33733, 3984, 4.7),
(284, 51, 33733, 12461, 4.0),
(285, 52, 33733, 3868, 3.9),
(286, 27, 34580, 4293, 4.5),
(287, 28, 34580, 3823, 3.7),
(288, 29, 34580, 4293, 4.2),
(289, 30, 34580, 3823, 2.9),
(290, 31, 34580, 4293, 3.8),
(291, 32, 34580, 3823, 4.1),
(292, 33, 34580, 4293, 3.6),
(293, 34, 34580, 3823, 4.7),
(294, 35, 34580, 4293, 4.0),
(295, 36, 34580, 3823, 3.9),
(296, 37, 34580, 4293, 4.7),
(297, 38, 34580, 3823, 4.0),
(298, 39, 34580, 4293, 3.9),
(299, 40, 34580, 3823, 4.5),
(300, 41, 34580, 4293, 3.7),
(301, 42, 34580, 3823, 4.2),
(302, 43, 34580, 4293, 2.9),
(303, 44, 34580, 3823, 3.8),
(304, 45, 34580, 4293, 4.1),
(305, 46, 34580, 3823, 3.6),
(306, 47, 34580, 4293, 4.7),
(307, 48, 34580, 3823, 4.0),
(308, 49, 34580, 4293, 3.9),
(309, 50, 34580, 3823, 4.7),
(310, 51, 34580, 4293, 4.0),
(311, 52, 34580, 3823, 3.9),
(312, 53, 33732, 4466, 4.5),
(313, 54, 33732, 4277, 3.7),
(314, 55, 33732, 4320, 4.2),
(315, 56, 33732, 3942, 2.9),
(316, 57, 33732, 4449, 3.8),
(317, 58, 33732, 4466, 4.1),
(318, 59, 33732, 4277, 3.6),
(319, 60, 33732, 4320, 4.7),
(320, 61, 33732, 3942, 4.0),
(321, 62, 33732, 4449, 3.9),
(322, 63, 33732, 4466, 4.7),
(323, 64, 33732, 4277, 4.0),
(324, 65, 33732, 4320, 3.9),
(325, 66, 33732, 3942, 4.5),
(326, 67, 33732, 4449, 3.7),
(327, 68, 33732, 4466, 4.2),
(328, 69, 33732, 4277, 2.9),
(329, 70, 33732, 4320, 3.8),
(330, 71, 33732, 3942, 4.1),
(331, 72, 33732, 4449, 3.6),
(332, 73, 33732, 4466, 4.7),
(333, 74, 33732, 4277, 4.0),
(334, 75, 33732, 4320, 3.9),
(335, 76, 33732, 3942, 4.7),
(336, 77, 33732, 4449, 4.0),
(337, 78, 33732, 4466, 3.9),
(338, 53, 33700, 1451, 4.5),
(339, 54, 33700, 1472, 3.7),
(340, 55, 33700, 1451, 4.2),
(341, 56, 33700, 1472, 2.9),
(342, 57, 33700, 1451, 3.8),
(343, 58, 33700, 1472, 4.1),
(344, 59, 33700, 1451, 3.6),
(345, 60, 33700, 1472, 4.7),
(346, 61, 33700, 1451, 4.0),
(347, 62, 33700, 1472, 3.9),
(348, 63, 33700, 1451, 4.7),
(349, 64, 33700, 1472, 4.0),
(350, 65, 33700, 1451, 3.9),
(351, 66, 33700, 1472, 4.5),
(352, 67, 33700, 1451, 3.7),
(353, 68, 33700, 1472, 4.2),
(354, 69, 33700, 1451, 2.9),
(355, 70, 33700, 1472, 3.8),
(356, 71, 33700, 1451, 4.1),
(357, 72, 33700, 1472, 3.6),
(358, 73, 33700, 1451, 4.7),
(359, 74, 33700, 1472, 4.0),
(360, 75, 33700, 1451, 3.9),
(361, 76, 33700, 1472, 4.7),
(362, 77, 33700, 1451, 4.0),
(363, 78, 33700, 1472, 3.9),
(364, 53, 34805, 1580, 4.5),
(365, 54, 34805, 1584, 3.7),
(366, 55, 34805, 1580, 4.2),
(367, 56, 34805, 1584, 2.9),
(368, 57, 34805, 1580, 3.8),
(369, 58, 34805, 1584, 4.1),
(370, 59, 34805, 1580, 3.6),
(371, 60, 34805, 1584, 4.7),
(372, 61, 34805, 1580, 4.0),
(373, 62, 34805, 1584, 3.9),
(374, 63, 34805, 1580, 4.7),
(375, 64, 34805, 1584, 4.0),
(376, 65, 34805, 1580, 3.9),
(377, 66, 34805, 1584, 4.5),
(378, 67, 34805, 1580, 3.7),
(379, 68, 34805, 1584, 4.2),
(380, 69, 34805, 1580, 2.9),
(381, 70, 34805, 1584, 3.8),
(382, 71, 34805, 1580, 4.1),
(383, 72, 34805, 1584, 3.6),
(384, 73, 34805, 1580, 4.7),
(385, 74, 34805, 1584, 4.0),
(386, 75, 34805, 1580, 3.9),
(387, 76, 34805, 1584, 4.7),
(388, 77, 34805, 1580, 4.0),
(389, 78, 34805, 1584, 3.9),
(390, 53, 4190, 1446, 4.5),
(391, 54, 4190, 1474, 3.7),
(392, 55, 4190, 1477, 4.2),
(393, 56, 4190, 1479, 2.9),
(394, 57, 4190, 1446, 3.8),
(395, 58, 4190, 1474, 4.1),
(396, 59, 4190, 1477, 3.6),
(397, 60, 4190, 1479, 4.7),
(398, 61, 4190, 1446, 4.0),
(399, 62, 4190, 1474, 3.9),
(400, 63, 4190, 1477, 4.7),
(401, 64, 4190, 1479, 4.0),
(402, 65, 4190, 1446, 3.9),
(403, 66, 4190, 1474, 4.5),
(404, 67, 4190, 1477, 3.7),
(405, 68, 4190, 1479, 4.2),
(406, 69, 4190, 1446, 2.9),
(407, 70, 4190, 1474, 3.8),
(408, 71, 4190, 1477, 4.1),
(409, 72, 4190, 1479, 3.6),
(410, 73, 4190, 1446, 4.7),
(411, 74, 4190, 1474, 4.0),
(412, 75, 4190, 1477, 3.9),
(413, 76, 4190, 1479, 4.7),
(414, 77, 4190, 1446, 4.0),
(415, 78, 4190, 1474, 3.9),
(416, 53, 2544, 2223, 4.5),
(417, 54, 2544, 2301, 3.7),
(418, 55, 2544, 2332, 4.2),
(419, 56, 2544, 2345, 2.9),
(420, 57, 2544, 2369, 3.8),
(421, 58, 2544, 2395, 4.1),
(422, 59, 2544, 2294, 3.6),
(423, 60, 2544, 2296, 4.7),
(424, 61, 2544, 2297, 4.0),
(425, 62, 2544, 2223, 3.9),
(426, 63, 2544, 2301, 4.7),
(427, 64, 2544, 2332, 4.0),
(428, 65, 2544, 2345, 3.9),
(429, 66, 2544, 2369, 4.5),
(430, 67, 2544, 2395, 3.7),
(431, 68, 2544, 2294, 4.2),
(432, 69, 2544, 2296, 2.9),
(433, 70, 2544, 2297, 3.8),
(434, 71, 2544, 2223, 4.1),
(435, 72, 2544, 2301, 3.6),
(436, 73, 2544, 2332, 4.7),
(437, 74, 2544, 2345, 4.0),
(438, 75, 2544, 2369, 3.9),
(439, 76, 2544, 2395, 4.7),
(440, 77, 2544, 2294, 4.0),
(441, 78, 2544, 2296, 3.9),
(442, 79, 4196, 1557, 4.5),
(443, 80, 4196, 1558, 3.7),
(444, 81, 4196, 1561, 4.2),
(445, 82, 4196, 1562, 2.9),
(446, 83, 4196, 1557, 3.8),
(447, 84, 4196, 1558, 4.1),
(448, 85, 4196, 1561, 3.6),
(449, 86, 4196, 1562, 4.7),
(450, 87, 4196, 1557, 4.0),
(451, 88, 4196, 1558, 3.9),
(452, 89, 4196, 1561, 4.7),
(453, 90, 4196, 1562, 4.0),
(454, 91, 4196, 1557, 3.9),
(455, 92, 4196, 1558, 4.5),
(456, 93, 4196, 1561, 3.7),
(457, 94, 4196, 1562, 4.2),
(458, 95, 4196, 1557, 2.9),
(459, 96, 4196, 1558, 3.8),
(460, 97, 4196, 1561, 4.1),
(461, 98, 4196, 1562, 3.6),
(462, 99, 4196, 1557, 4.7),
(463, 100, 4196, 1558, 4.0),
(464, 101, 4196, 1561, 3.9),
(465, 102, 4196, 1562, 4.7),
(466, 103, 4196, 1557, 4.0),
(467, 104, 4196, 1558, 3.9),
(468, 79, 4082, 1537, 4.5),
(469, 80, 4082, 1539, 3.7),
(470, 81, 4082, 1537, 4.2),
(471, 82, 4082, 1539, 2.9),
(472, 83, 4082, 1537, 3.8),
(473, 84, 4082, 1539, 4.1),
(474, 85, 4082, 1537, 3.6),
(475, 86, 4082, 1539, 4.7),
(476, 87, 4082, 1537, 4.0),
(477, 88, 4082, 1539, 3.9),
(478, 89, 4082, 1537, 4.7),
(479, 90, 4082, 1539, 4.0),
(480, 91, 4082, 1537, 3.9),
(481, 92, 4082, 1539, 4.5),
(482, 93, 4082, 1537, 3.7),
(483, 94, 4082, 1539, 4.2),
(484, 95, 4082, 1537, 2.9),
(485, 96, 4082, 1539, 3.8),
(486, 97, 4082, 1537, 4.1),
(487, 98, 4082, 1539, 3.6),
(488, 99, 4082, 1537, 4.7),
(489, 100, 4082, 1539, 4.0),
(490, 101, 4082, 1537, 3.9),
(491, 102, 4082, 1539, 4.7),
(492, 103, 4082, 1537, 4.0),
(493, 104, 4082, 1539, 3.9),
(494, 79, 34803, 1552, 4.5),
(495, 80, 34803, 1552, 3.7),
(496, 81, 34803, 1552, 4.2),
(497, 82, 34803, 1552, 2.9),
(498, 83, 34803, 1552, 3.8),
(499, 84, 34803, 1552, 4.1),
(500, 85, 34803, 1552, 3.6),
(501, 86, 34803, 1552, 4.7),
(502, 87, 34803, 1552, 4.0),
(503, 88, 34803, 1552, 3.9),
(504, 89, 34803, 1552, 4.7),
(505, 90, 34803, 1552, 4.0),
(506, 91, 34803, 1552, 3.9),
(507, 92, 34803, 1552, 4.5),
(508, 93, 34803, 1552, 3.7),
(509, 94, 34803, 1552, 4.2),
(510, 95, 34803, 1552, 2.9),
(511, 96, 34803, 1552, 3.8),
(512, 97, 34803, 1552, 4.1),
(513, 98, 34803, 1552, 3.6),
(514, 99, 34803, 1552, 4.7),
(515, 100, 34803, 1552, 4.0),
(516, 101, 34803, 1552, 3.9),
(517, 102, 34803, 1552, 4.7),
(518, 103, 34803, 1552, 4.0),
(519, 104, 34803, 1552, 3.9),
(520, 79, 34806, 1586, 4.5),
(521, 80, 34806, 1586, 3.7),
(522, 81, 34806, 1587, 4.2),
(523, 82, 34806, 1587, 2.9),
(524, 83, 34806, 1586, 3.8),
(525, 84, 34806, 1586, 4.1),
(526, 85, 34806, 1587, 3.6),
(527, 86, 34806, 1587, 4.7),
(528, 87, 34806, 1586, 4.0),
(529, 88, 34806, 1586, 3.9),
(530, 89, 34806, 1587, 4.7),
(531, 90, 34806, 1587, 4.0),
(532, 91, 34806, 1586, 3.9),
(533, 92, 34806, 1586, 4.5),
(534, 93, 34806, 1587, 3.7),
(535, 94, 34806, 1586, 4.2),
(536, 95, 34806, 1587, 2.9),
(537, 96, 34806, 1586, 3.8),
(538, 97, 34806, 1587, 4.1),
(539, 98, 34806, 1586, 3.6),
(540, 99, 34806, 1587, 4.7),
(541, 100, 34806, 1586, 4.0),
(542, 101, 34806, 1587, 3.9),
(543, 102, 34806, 1586, 4.7),
(544, 103, 34806, 1587, 4.0),
(545, 104, 34806, 1586, 3.9),
(546, 79, 4085, 1664, 4.5),
(547, 80, 4085, 1664, 3.7),
(548, 81, 4085, 1520, 4.2),
(549, 82, 4085, 1520, 2.9),
(550, 83, 4085, 1664, 3.8),
(551, 84, 4085, 1664, 4.1),
(552, 85, 4085, 1520, 3.6),
(553, 86, 4085, 1520, 4.7),
(554, 87, 4085, 1664, 4.0),
(555, 88, 4085, 1664, 3.9),
(556, 89, 4085, 1520, 4.7),
(557, 90, 4085, 1520, 4.0),
(558, 91, 4085, 1664, 3.9),
(559, 92, 4085, 1664, 4.5),
(560, 93, 4085, 1520, 3.7),
(561, 94, 4085, 1664, 4.2),
(562, 95, 4085, 1520, 2.9),
(563, 96, 4085, 1664, 3.8),
(564, 97, 4085, 1520, 4.1),
(565, 98, 4085, 1664, 3.6),
(566, 99, 4085, 1520, 4.7),
(567, 100, 4085, 1664, 4.0),
(568, 101, 4085, 1520, 3.9),
(569, 102, 4085, 1664, 4.7),
(570, 103, 4085, 1520, 4.0),
(571, 104, 4085, 1664, 3.9),
(572, 105, 1299, 6296, 4.5),
(573, 106, 1299, 6302, 3.7),
(574, 107, 1299, 6306, 4.2),
(575, 108, 1299, 14918, 2.9),
(576, 109, 1299, 6296, 3.8),
(577, 110, 1299, 6302, 4.1),
(578, 111, 1299, 6306, 3.6),
(579, 112, 1299, 14918, 4.7),
(580, 113, 1299, 6296, 4.0),
(581, 114, 1299, 6302, 3.9),
(582, 115, 1299, 6306, 4.7),
(583, 116, 1299, 14918, 4.0),
(584, 117, 1299, 6296, 3.9),
(585, 118, 1299, 6302, 4.5),
(586, 119, 1299, 6306, 3.7),
(587, 120, 1299, 14918, 4.2),
(588, 121, 1299, 6296, 2.9),
(589, 122, 1299, 6302, 3.8),
(590, 123, 1299, 6306, 4.1),
(591, 124, 1299, 14918, 3.6),
(592, 125, 1299, 6296, 4.7),
(593, 126, 1299, 6302, 4.0),
(594, 127, 1299, 6306, 3.9),
(595, 128, 1299, 14918, 4.7),
(596, 129, 1299, 6296, 4.0),
(597, 130, 1299, 6302, 3.9),
(598, 105, 34801, 1567, 4.5),
(599, 106, 34801, 1568, 3.7),
(600, 107, 34801, 1569, 4.2),
(601, 108, 34801, 1567, 2.9),
(602, 109, 34801, 1568, 3.8),
(603, 110, 34801, 1569, 4.1),
(604, 111, 34801, 1567, 3.6),
(605, 112, 34801, 1568, 4.7),
(606, 113, 34801, 1569, 4.0),
(607, 114, 34801, 1567, 3.9),
(608, 115, 34801, 1568, 4.7),
(609, 116, 34801, 1569, 4.0),
(610, 117, 34801, 1567, 3.9),
(611, 118, 34801, 1568, 4.5),
(612, 119, 34801, 1569, 3.7),
(613, 120, 34801, 1567, 4.2),
(614, 121, 34801, 1568, 2.9),
(615, 122, 34801, 1569, 3.8),
(616, 123, 34801, 1567, 4.1),
(617, 124, 34801, 1568, 3.6),
(618, 125, 34801, 1569, 4.7),
(619, 126, 34801, 1567, 4.0),
(620, 127, 34801, 1568, 3.9),
(621, 128, 34801, 1569, 4.7),
(622, 129, 34801, 1567, 4.0),
(623, 130, 34801, 1568, 3.9),
(624, 105, 34810, 1526, 4.5),
(625, 106, 34810, 1526, 3.7),
(626, 107, 34810, 1526, 4.2),
(627, 108, 34810, 1526, 2.9),
(628, 109, 34810, 1526, 3.8),
(629, 110, 34810, 1526, 4.1),
(630, 111, 34810, 1526, 3.6),
(631, 112, 34810, 1526, 4.7),
(632, 113, 34810, 1526, 4.0),
(633, 114, 34810, 1526, 3.9),
(634, 115, 34810, 1526, 4.7),
(635, 116, 34810, 1526, 4.0),
(636, 117, 34810, 1526, 3.9),
(637, 118, 34810, 1526, 4.5),
(638, 119, 34810, 1526, 3.7),
(639, 120, 34810, 1526, 4.2),
(640, 121, 34810, 1526, 2.9),
(641, 122, 34810, 1526, 3.8),
(642, 123, 34810, 1526, 4.1),
(643, 124, 34810, 1526, 3.6),
(644, 125, 34810, 1526, 4.7),
(645, 126, 34810, 1526, 4.0),
(646, 127, 34810, 1526, 3.9),
(647, 128, 34810, 1526, 4.7),
(648, 129, 34810, 1526, 4.0),
(649, 130, 34810, 1526, 3.9),
(650, 105, 22586, 1507, 4.5),
(651, 106, 22586, 12503, 3.7),
(652, 107, 22586, 1507, 4.2),
(653, 108, 22586, 12503, 2.9),
(654, 109, 22586, 1507, 3.8),
(655, 110, 22586, 12503, 4.1),
(656, 111, 22586, 1507, 3.6),
(657, 112, 22586, 12503, 4.7),
(658, 113, 22586, 1507, 4.0),
(659, 114, 22586, 12503, 3.9),
(660, 115, 22586, 1507, 4.7),
(661, 116, 22586, 12503, 4.0),
(662, 117, 22586, 1507, 3.9),
(663, 118, 22586, 12503, 4.5),
(664, 119, 22586, 1507, 3.7),
(665, 120, 22586, 12503, 4.2),
(666, 121, 22586, 1507, 2.9),
(667, 122, 22586, 12503, 3.8),
(668, 123, 22586, 1507, 4.1),
(669, 124, 22586, 12503, 3.6),
(670, 125, 22586, 1507, 4.7),
(671, 126, 22586, 12503, 4.0),
(672, 127, 22586, 1507, 3.9),
(673, 128, 22586, 12503, 4.7),
(674, 129, 22586, 1507, 4.0),
(675, 130, 22586, 12503, 3.9),
(676, 131, 1340, 8110, 3.7),
(677, 132, 1340, 8155, 4.2),
(678, 133, 1340, 8077, 2.9),
(679, 134, 1340, 8201, 3.8),
(680, 135, 1340, 8205, 4.1),
(681, 136, 1340, 15013, 3.6),
(682, 137, 1340, 15058, 4.7),
(683, 138, 1340, 15280, 4.0),
(684, 139, 1340, 8110, 3.9),
(685, 140, 1340, 8155, 4.7),
(686, 141, 1340, 8077, 4.0),
(687, 142, 1340, 8201, 3.9),
(688, 143, 1340, 8205, 4.5),
(689, 144, 1340, 15013, 3.7),
(690, 145, 1340, 15058, 4.2),
(691, 146, 1340, 15280, 2.9),
(692, 147, 1340, 8110, 3.8),
(693, 148, 1340, 8155, 4.1),
(694, 149, 1340, 8077, 3.6),
(695, 150, 1340, 8201, 4.7),
(696, 151, 1340, 8205, 4.0),
(697, 152, 1340, 15013, 3.9),
(698, 153, 1340, 15058, 4.7),
(699, 154, 1340, 15280, 4.0),
(700, 155, 1340, 8110, 3.9),
(701, 156, 1340, 8155, 4.4),
(702, 131, 1300, 6345, 3.7),
(703, 132, 1300, 6346, 4.2),
(704, 133, 1300, 6350, 2.9),
(705, 134, 1300, 14921, 3.8),
(706, 135, 1300, 6345, 4.1),
(707, 136, 1300, 6346, 3.6),
(708, 137, 1300, 6350, 4.7),
(709, 138, 1300, 14921, 4.0),
(710, 139, 1300, 6345, 3.9),
(711, 140, 1300, 6346, 4.7),
(712, 141, 1300, 6350, 4.0),
(713, 142, 1300, 14921, 3.9),
(714, 143, 1300, 6345, 4.5),
(715, 144, 1300, 6346, 3.7),
(716, 145, 1300, 6350, 4.2),
(717, 146, 1300, 14921, 2.9),
(718, 147, 1300, 6345, 3.8),
(719, 148, 1300, 6346, 4.1),
(720, 149, 1300, 6350, 3.6),
(721, 150, 1300, 14921, 4.7),
(722, 151, 1300, 6345, 4.0),
(723, 152, 1300, 6346, 3.9),
(724, 153, 1300, 6350, 4.7),
(725, 154, 1300, 14921, 4.0),
(726, 155, 1300, 6345, 3.9),
(727, 156, 1300, 6346, 4.4),
(728, 131, 34866, 4129, 3.7),
(729, 132, 34866, 4143, 4.2),
(730, 133, 34866, 4158, 2.9),
(731, 134, 34866, 4192, 3.8),
(732, 135, 34866, 4201, 4.1),
(733, 136, 34866, 4129, 3.6),
(734, 137, 34866, 4143, 4.7),
(735, 138, 34866, 4158, 4.0),
(736, 139, 34866, 4192, 3.9),
(737, 140, 34866, 4201, 4.7),
(738, 141, 34866, 4129, 4.0),
(739, 142, 34866, 4143, 3.9),
(740, 143, 34866, 4158, 4.5),
(741, 144, 34866, 4192, 3.7),
(742, 145, 34866, 4201, 4.2),
(743, 146, 34866, 4129, 2.9),
(744, 147, 34866, 4143, 3.8),
(745, 148, 34866, 4158, 4.1),
(746, 149, 34866, 4192, 3.6),
(747, 150, 34866, 4201, 4.7),
(748, 151, 34866, 4129, 4.0),
(749, 152, 34866, 4143, 3.9),
(750, 153, 34866, 4158, 4.7),
(751, 154, 34866, 4192, 4.0),
(752, 155, 34866, 4201, 3.9),
(753, 156, 34866, 4129, 4.4),
(754, 131, 3194, 1553, 3.7),
(755, 132, 3194, 1554, 4.2),
(756, 133, 3194, 1555, 2.9),
(757, 134, 3194, 13514, 3.8),
(758, 135, 3194, 1666, 4.1),
(759, 136, 3194, 1553, 3.6),
(760, 137, 3194, 1554, 4.7),
(761, 138, 3194, 1555, 4.0),
(762, 139, 3194, 13514, 3.9),
(763, 140, 3194, 1666, 4.7),
(764, 141, 3194, 1553, 4.0),
(765, 142, 3194, 1554, 3.9),
(766, 143, 3194, 1555, 4.5),
(767, 144, 3194, 13514, 3.7),
(768, 145, 3194, 1666, 4.2),
(769, 146, 3194, 1553, 2.9),
(770, 147, 3194, 1554, 3.8),
(771, 148, 3194, 1555, 4.1),
(772, 149, 3194, 13514, 3.6),
(773, 150, 3194, 1666, 4.7),
(774, 151, 3194, 1553, 4.0),
(775, 152, 3194, 1554, 3.9),
(776, 153, 3194, 1555, 4.7),
(777, 154, 3194, 13514, 4.0),
(778, 155, 3194, 1666, 3.9),
(779, 156, 3194, 1553, 4.4),
(780, 131, 34807, 1590, 3.7),
(781, 132, 34807, 1591, 4.2),
(782, 133, 34807, 1592, 2.9),
(783, 134, 34807, 1593, 3.8),
(784, 135, 34807, 13971, 4.1),
(785, 136, 34807, 14981, 3.6),
(786, 137, 34807, 1590, 4.7),
(787, 138, 34807, 1591, 4.0),
(788, 139, 34807, 1592, 3.9),
(789, 140, 34807, 1593, 4.7),
(790, 141, 34807, 13971, 4.0),
(791, 142, 34807, 14981, 3.9),
(792, 143, 34807, 1590, 4.5),
(793, 144, 34807, 1591, 3.7),
(794, 145, 34807, 1592, 4.2),
(795, 146, 34807, 1593, 2.9),
(796, 147, 34807, 13971, 3.8),
(797, 148, 34807, 14981, 4.1),
(798, 149, 34807, 1590, 3.6),
(799, 150, 34807, 1591, 4.7),
(800, 151, 34807, 1592, 4.0),
(801, 152, 34807, 1593, 3.9),
(802, 153, 34807, 13971, 4.7),
(803, 154, 34807, 14981, 4.0),
(804, 155, 34807, 1590, 3.9),
(805, 156, 34807, 1591, 4.4),
(806, 131, 34808, 1657, 3.7),
(807, 132, 34808, 1658, 4.2),
(808, 133, 34808, 1659, 2.9),
(809, 134, 34808, 13190, 3.8),
(810, 135, 34808, 1660, 4.1),
(811, 136, 34808, 1657, 3.6),
(812, 137, 34808, 1658, 4.7),
(813, 138, 34808, 1659, 4.0),
(814, 139, 34808, 13190, 3.9),
(815, 140, 34808, 1660, 4.7),
(816, 141, 34808, 1657, 4.0),
(817, 142, 34808, 1658, 3.9),
(818, 143, 34808, 1659, 4.5),
(819, 144, 34808, 13190, 3.7),
(820, 145, 34808, 1660, 4.2),
(821, 146, 34808, 1657, 2.9),
(822, 147, 34808, 1658, 3.8),
(823, 148, 34808, 1659, 4.1),
(824, 149, 34808, 13190, 3.6),
(825, 150, 34808, 1660, 4.7),
(826, 151, 34808, 1657, 4.0),
(827, 152, 34808, 1658, 3.9),
(828, 153, 34808, 1659, 4.7),
(829, 154, 34808, 13190, 4.0),
(830, 155, 34808, 1660, 3.9),
(831, 156, 34808, 1657, 4.4),
(832, 131, 2476, 2302, 3.7),
(833, 132, 2476, 2356, 4.2),
(834, 133, 2476, 2333, 2.9),
(835, 134, 2476, 2334, 3.8),
(836, 135, 2476, 2358, 4.1),
(837, 136, 2476, 2303, 3.6),
(838, 137, 2476, 2354, 4.7),
(839, 138, 2476, 2355, 4.0),
(840, 139, 2476, 2302, 3.9),
(841, 140, 2476, 2356, 4.7),
(842, 141, 2476, 2333, 4.0),
(843, 142, 2476, 2334, 3.9),
(844, 143, 2476, 2358, 4.5),
(845, 144, 2476, 2303, 3.7),
(846, 145, 2476, 2354, 4.2),
(847, 146, 2476, 2355, 2.9),
(848, 147, 2476, 2302, 3.8),
(849, 148, 2476, 2356, 4.1),
(850, 149, 2476, 2333, 3.6),
(851, 150, 2476, 2334, 4.7),
(852, 151, 2476, 2358, 4.0),
(853, 152, 2476, 2303, 3.9),
(854, 153, 2476, 2354, 4.7),
(855, 154, 2476, 2355, 4.0),
(856, 155, 2476, 2302, 3.9),
(857, 156, 2476, 2356, 4.4),
(858, 157, 1291, 4938, 3.7),
(859, 158, 1291, 4941, 4.2),
(860, 159, 1291, 4946, 2.9),
(861, 160, 1291, 4938, 3.8),
(862, 161, 1291, 4941, 4.1),
(863, 162, 1291, 4946, 3.6),
(864, 163, 1291, 4938, 4.7),
(865, 164, 1291, 4941, 4.0),
(866, 165, 1291, 4946, 3.9),
(867, 166, 1291, 4938, 4.7),
(868, 167, 1291, 4941, 4.0),
(869, 168, 1291, 4946, 3.9),
(870, 169, 1291, 4938, 4.5),
(871, 170, 1291, 4941, 3.7),
(872, 171, 1291, 4946, 4.2),
(873, 172, 1291, 4938, 2.9),
(874, 173, 1291, 4941, 3.8),
(875, 174, 1291, 4946, 4.1),
(876, 175, 1291, 4938, 3.6),
(877, 176, 1291, 4941, 4.7),
(878, 177, 1291, 4946, 4.0),
(879, 178, 1291, 4938, 3.9),
(880, 179, 1291, 4941, 4.7),
(881, 180, 1291, 4946, 4.0),
(882, 181, 1291, 4938, 3.9),
(883, 182, 1291, 4941, 4.4),
(884, 157, 4084, 1514, 3.7),
(885, 158, 4084, 1515, 4.2),
(886, 159, 4084, 1518, 2.9),
(887, 160, 4084, 1522, 3.8),
(888, 161, 4084, 1528, 4.1),
(889, 162, 4084, 9733, 3.6),
(890, 163, 4084, 1514, 4.7),
(891, 164, 4084, 1515, 4.0),
(892, 165, 4084, 1518, 3.9),
(893, 166, 4084, 1522, 4.7),
(894, 167, 4084, 1528, 4.0),
(895, 168, 4084, 9733, 3.9),
(896, 169, 4084, 1514, 4.5),
(897, 170, 4084, 1515, 3.7),
(898, 171, 4084, 1518, 4.2),
(899, 172, 4084, 1522, 2.9),
(900, 173, 4084, 1528, 3.8),
(901, 174, 4084, 9733, 4.1),
(902, 175, 4084, 1514, 3.6),
(903, 176, 4084, 1515, 4.7),
(904, 177, 4084, 1518, 4.0),
(905, 178, 4084, 1522, 3.9),
(906, 179, 4084, 1528, 4.7),
(907, 180, 4084, 9733, 4.0),
(908, 181, 4084, 1514, 3.9),
(909, 182, 4084, 1515, 4.4),
(910, 157, 31339, 1475, 3.7),
(911, 158, 31339, 1476, 4.2),
(912, 159, 31339, 13992, 2.9),
(913, 160, 31339, 1475, 3.8),
(914, 161, 31339, 1476, 4.1),
(915, 162, 31339, 13992, 3.6),
(916, 163, 31339, 1475, 4.7),
(917, 164, 31339, 1476, 4.0),
(918, 165, 31339, 13992, 3.9),
(919, 166, 31339, 1475, 4.7),
(920, 167, 31339, 1476, 4.0),
(921, 168, 31339, 13992, 3.9),
(922, 169, 31339, 1475, 4.5),
(923, 170, 31339, 1476, 3.7),
(924, 171, 31339, 13992, 4.2),
(925, 172, 31339, 1475, 2.9),
(926, 173, 31339, 1476, 3.8),
(927, 174, 31339, 13992, 4.1),
(928, 175, 31339, 1475, 3.6),
(929, 176, 31339, 1476, 4.7),
(930, 177, 31339, 13992, 4.0),
(931, 178, 31339, 1475, 3.9),
(932, 179, 31339, 1476, 4.7),
(933, 180, 31339, 13992, 4.0),
(934, 181, 31339, 1475, 3.9),
(935, 182, 31339, 1476, 4.4),
(936, 157, 4185, 1594, 3.7),
(937, 158, 4185, 1595, 4.2),
(938, 159, 4185, 1596, 2.9),
(939, 160, 4185, 15037, 3.8),
(940, 161, 4185, 1594, 4.1),
(941, 162, 4185, 1595, 3.6),
(942, 163, 4185, 1596, 4.7),
(943, 164, 4185, 15037, 4.0),
(944, 165, 4185, 1594, 3.9),
(945, 166, 4185, 1595, 4.7),
(946, 167, 4185, 1596, 4.0),
(947, 168, 4185, 15037, 3.9),
(948, 169, 4185, 1594, 4.5),
(949, 170, 4185, 1595, 3.7),
(950, 171, 4185, 1596, 4.2),
(951, 172, 4185, 15037, 2.9),
(952, 173, 4185, 1594, 3.8),
(953, 174, 4185, 1595, 4.1),
(954, 175, 4185, 1596, 3.6),
(955, 176, 4185, 15037, 4.7),
(956, 177, 4185, 1594, 4.0),
(957, 178, 4185, 1595, 3.9),
(958, 179, 4185, 1596, 4.7),
(959, 180, 4185, 15037, 4.0),
(960, 181, 4185, 1594, 3.9),
(961, 182, 4185, 1595, 4.4),
(962, 157, 5100, 1680, 3.7),
(963, 158, 5100, 1683, 4.2),
(964, 159, 5100, 14003, 2.9),
(965, 160, 5100, 1680, 3.8),
(966, 161, 5100, 1683, 4.1),
(967, 162, 5100, 14003, 3.6),
(968, 163, 5100, 1680, 4.7),
(969, 164, 5100, 1683, 4.0),
(970, 165, 5100, 14003, 3.9),
(971, 166, 5100, 1680, 4.7),
(972, 167, 5100, 1683, 4.0),
(973, 168, 5100, 14003, 3.9),
(974, 169, 5100, 1680, 4.5),
(975, 170, 5100, 1683, 3.7),
(976, 171, 5100, 14003, 4.2),
(977, 172, 5100, 1680, 2.9),
(978, 173, 5100, 1683, 3.8),
(979, 174, 5100, 14003, 4.1),
(980, 175, 5100, 1680, 3.6),
(981, 176, 5100, 1683, 4.7),
(982, 177, 5100, 14003, 4.0),
(983, 178, 5100, 1680, 3.9),
(984, 179, 5100, 1683, 4.7),
(985, 180, 5100, 14003, 4.0),
(986, 181, 5100, 1680, 3.9),
(987, 182, 5100, 1683, 4.4),
(988, 157, 34863, 7877, 3.7),
(989, 158, 34863, 7878, 4.2),
(990, 159, 34863, 7879, 2.9),
(991, 160, 34863, 7877, 3.8),
(992, 161, 34863, 7878, 4.1),
(993, 162, 34863, 7879, 3.6),
(994, 163, 34863, 7877, 4.7),
(995, 164, 34863, 7878, 4.0),
(996, 165, 34863, 7879, 3.9),
(997, 166, 34863, 7877, 4.7),
(998, 167, 34863, 7878, 4.0),
(999, 168, 34863, 7879, 3.9),
(1000, 169, 34863, 7877, 4.5),
(1001, 170, 34863, 7878, 3.7),
(1002, 171, 34863, 7879, 4.2),
(1003, 172, 34863, 7877, 2.9),
(1004, 173, 34863, 7878, 3.8),
(1005, 174, 34863, 7879, 4.1),
(1006, 175, 34863, 7877, 3.6),
(1007, 176, 34863, 7878, 4.7),
(1008, 177, 34863, 7879, 4.0),
(1009, 178, 34863, 7877, 3.9),
(1010, 179, 34863, 7878, 4.7),
(1011, 180, 34863, 7879, 4.0),
(1012, 181, 34863, 7877, 3.9),
(1013, 182, 34863, 7878, 4.4),
(1014, 183, 34802, 1544, 3.7),
(1015, 184, 34802, 1545, 4.2),
(1016, 185, 34802, 1546, 2.9),
(1017, 186, 34802, 1544, 3.8),
(1018, 187, 34802, 1545, 4.1),
(1019, 188, 34802, 1546, 3.6),
(1020, 189, 34802, 1544, 4.7),
(1021, 190, 34802, 1545, 4.0),
(1022, 191, 34802, 1546, 3.9),
(1023, 192, 34802, 1544, 4.7),
(1024, 193, 34802, 1545, 4.0),
(1025, 194, 34802, 1546, 3.9),
(1026, 195, 34802, 1544, 4.5),
(1027, 196, 34802, 1545, 3.7),
(1028, 197, 34802, 1546, 4.2),
(1029, 198, 34802, 1544, 2.9),
(1030, 199, 34802, 1545, 3.8),
(1031, 200, 34802, 1546, 4.1),
(1032, 201, 34802, 1544, 3.6),
(1033, 202, 34802, 1545, 4.7),
(1034, 203, 34802, 1546, 4.0),
(1035, 204, 34802, 1544, 3.9),
(1036, 205, 34802, 1545, 4.7),
(1037, 206, 34802, 1546, 4.0),
(1038, 207, 34802, 1544, 3.9),
(1039, 208, 34802, 1545, 4.4),
(1040, 183, 34814, 1677, 3.7),
(1041, 184, 34814, 1678, 4.2),
(1042, 185, 34814, 1679, 2.9),
(1043, 186, 34814, 13996, 3.8),
(1044, 187, 34814, 13997, 4.1),
(1045, 188, 34814, 13999, 3.6),
(1046, 189, 34814, 14000, 4.7),
(1047, 190, 34814, 14001, 4.0),
(1048, 191, 34814, 1670, 3.9),
(1049, 192, 34814, 1671, 4.7),
(1050, 193, 34814, 1673, 4.0),
(1051, 194, 34814, 1674, 3.9),
(1052, 195, 34814, 1675, 4.5),
(1053, 196, 34814, 13995, 3.7),
(1054, 197, 34814, 13996, 4.2),
(1055, 198, 34814, 13997, 2.9),
(1056, 199, 34814, 13999, 3.8),
(1057, 200, 34814, 14000, 4.1),
(1058, 201, 34814, 14001, 3.6),
(1059, 202, 34814, 1670, 4.7),
(1060, 203, 34814, 1671, 4.0),
(1061, 204, 34814, 1673, 3.9),
(1062, 205, 34814, 1674, 4.7),
(1063, 206, 34814, 1675, 4.0),
(1064, 207, 34814, 13995, 3.9),
(1065, 208, 34814, 13996, 4.4),
(1066, 183, 34804, 1511, 3.7),
(1067, 184, 34804, 1512, 4.2),
(1068, 185, 34804, 7183, 2.9),
(1069, 186, 34804, 1511, 3.8),
(1070, 187, 34804, 1512, 4.1),
(1071, 188, 34804, 7183, 3.6),
(1072, 189, 34804, 1511, 4.7),
(1073, 190, 34804, 1512, 4.0),
(1074, 191, 34804, 7183, 3.9),
(1075, 192, 34804, 1511, 4.7),
(1076, 193, 34804, 1512, 4.0),
(1077, 194, 34804, 7183, 3.9),
(1078, 195, 34804, 1511, 4.5),
(1079, 196, 34804, 1512, 3.7),
(1080, 197, 34804, 7183, 4.2),
(1081, 198, 34804, 1511, 2.9),
(1082, 199, 34804, 1512, 3.8),
(1083, 200, 34804, 7183, 4.1),
(1084, 201, 34804, 1511, 3.6),
(1085, 202, 34804, 1512, 4.7),
(1086, 203, 34804, 7183, 4.0),
(1087, 204, 34804, 1511, 3.9),
(1088, 205, 34804, 1512, 4.7),
(1089, 206, 34804, 7183, 4.0),
(1090, 207, 34804, 1511, 3.9),
(1091, 208, 34804, 1512, 4.4),
(1092, 183, 16143, 8081, 3.7),
(1093, 184, 16143, 8082, 4.2),
(1094, 185, 16143, 8083, 2.9),
(1095, 186, 16143, 8081, 3.8),
(1096, 187, 16143, 8082, 4.1),
(1097, 188, 16143, 8083, 3.6),
(1098, 189, 16143, 8081, 4.7),
(1099, 190, 16143, 8082, 4.0),
(1100, 191, 16143, 8083, 3.9),
(1101, 192, 16143, 8081, 4.7),
(1102, 193, 16143, 8082, 4.0),
(1103, 194, 16143, 8083, 3.9),
(1104, 195, 16143, 8081, 4.5),
(1105, 196, 16143, 8082, 3.7),
(1106, 197, 16143, 8083, 4.2),
(1107, 198, 16143, 8081, 2.9),
(1108, 199, 16143, 8082, 3.8),
(1109, 200, 16143, 8083, 4.1),
(1110, 201, 16143, 8081, 3.6),
(1111, 202, 16143, 8082, 4.7),
(1112, 203, 16143, 8083, 4.0),
(1113, 204, 16143, 8081, 3.9),
(1114, 205, 16143, 8082, 4.7),
(1115, 206, 16143, 8083, 4.0),
(1116, 207, 16143, 8081, 3.9),
(1117, 208, 16143, 8082, 4.4),
(1118, 183, 2356, 7927, 3.7),
(1119, 184, 2356, 7941, 4.2),
(1120, 185, 2356, 7944, 2.9),
(1121, 186, 2356, 7946, 3.8),
(1122, 187, 2356, 7928, 4.1),
(1123, 188, 2356, 7930, 3.6),
(1124, 189, 2356, 7932, 4.7),
(1125, 190, 2356, 7933, 4.0),
(1126, 191, 2356, 7936, 3.9),
(1127, 192, 2356, 7937, 4.7),
(1128, 193, 2356, 7938, 4.0),
(1129, 194, 2356, 7927, 3.9),
(1130, 195, 2356, 7941, 4.5),
(1131, 196, 2356, 7944, 3.7),
(1132, 197, 2356, 7946, 4.2),
(1133, 198, 2356, 7928, 2.9),
(1134, 199, 2356, 7930, 3.8),
(1135, 200, 2356, 7932, 4.1),
(1136, 201, 2356, 7933, 3.6),
(1137, 202, 2356, 7936, 4.7),
(1138, 203, 2356, 7937, 4.0),
(1139, 204, 2356, 7938, 3.9),
(1140, 205, 2356, 7927, 4.7),
(1141, 206, 2356, 7941, 4.0),
(1142, 207, 2356, 7944, 3.9),
(1143, 208, 2356, 7946, 4.4),
(1234, 1, 1297, 151, 3.9), --Notas estudiante id 1 hasta octavo semestre 
(8573, 1, 1290, 190, 4.9),
(5632, 1, 33699, 170, 3.5),
(8452, 1, 34816, 197, 4.5),
(6451, 1, 33733, 192, 4.2),
(65344, 1, 34580, 167, 4.3),
(2356, 1, 33732, 204, 3.9),
(2235, 1, 33700, 205, 4.9),
(5642, 1, 34805, 227, 3.5),
(4535, 1, 4190, 250, 4.5),
(6353, 1, 2544, 219, 4.2),
(1434, 1, 4196, 278, 3.9),
(2323, 1, 4082, 266, 4.9),
(1354, 1, 34803, 286, 3.5),
(2354, 1, 34806, 290, 4.5),
(5753, 1, 4085, 2500, 4.2),
(1236, 1, 1299, 346, 3.9),
(1237, 1, 34801, 316, 4.9),
(1235, 1, 34810, 309, 3.5),
(8947, 1, 22586, 321, 4.5),
(4545, 1, 1340, 367, 3.9),
(2346, 1, 1300, 372, 4.9),
(1212, 1, 34866, 351, 3.5),
(2223, 1, 3194, 393, 4.5),
(8543, 1, 34807, 363, 3.9),
(6457, 1, 34808, 368, 4.9),
(3432, 1, 2476, 371, 3.5),
(3589, 1, 1291, 461, 4.5),
(2325, 1, 4084, 411, 3.9),
(9876, 1, 31339, 416, 4.9),
(1258, 1, 4185, 469, 3.5),
(2363, 1, 5100, 440, 4.5),
(2384, 1, 34863, 485, 3.9),
(1373, 1, 34802, 1544, 4.9),
(2368, 1, 34814, 1670, 3.5),
(2361, 1, 34804, 1512, 3.5),
(9435, 1, 16143, 8082, 4.5),
(1357, 1, 2356, 7946, 3.9),
(2214324, 2, 1297, 189, 3.9),--Notas estudiante id 2 hasta septimo semestre
(1311199, 2, 1290, 199, 4.9),
(53145, 2, 33699, 163, 3.5),
(1813233, 2, 34816, 183, 4.5),
(1911233, 2, 33733, 193, 4.2),
(181224, 2, 34580, 184, 4.3),
(231327, 2, 33732, 237, 3.9),
(22140, 2, 33700, 240, 4.9),
(24138, 2, 34805, 248, 3.5),
(241311, 2, 4190, 241, 4.5),
(2423, 2, 2544, 243, 4.2),
(271218, 2, 4196, 278, 3.9),
(2266, 2, 4082, 266, 4.9),
(23486, 2, 34803, 286, 3.5),
(2940, 2, 34806, 290, 4.5),
(22250, 2, 4085, 2500, 4.2),
(34126, 2, 1299, 346, 3.9),
(312126, 2, 34801, 316, 4.9),
(33409, 2, 34810, 309, 3.5),
(31221, 2, 22586, 321, 4.5),
(361237, 2, 1340, 367, 3.9),
(37122, 2, 1300, 372, 4.9),
(3511, 2, 34866, 351, 3.5),
(39233, 2, 3194, 393, 4.5),
(3623, 2, 34807, 363, 3.9),
(32368, 2, 34808, 368, 4.9),
(32371, 2, 2476, 371, 3.5),
(46231, 2, 1291, 461, 4.5),
(44311, 2, 4084, 411, 3.9),
(41126, 2, 31339, 416, 4.9),
(41269, 2, 4185, 469, 3.5),
(44230, 2, 5100, 440, 4.5),
(48345, 2, 34863, 485, 3.9),
(151232, 3, 1297, 152, 3.9),--Notas estudiante id 3 hasta sexto semestre
(17346, 3, 1290, 176, 4.9),
(18238, 3, 33699, 188, 3.5),
(181220, 3, 34816, 180, 4.5),
(1733123, 3, 33733, 173, 4.2),
(1612372, 3, 34580, 167, 4.3),
(21216, 3, 33732, 216, 3.9),
(20435, 3, 33700, 205, 4.9),
(22347, 3, 34805, 227, 3.5),
(21125, 3, 4190, 215, 4.5),
(23112, 3, 2544, 212, 4.2),
(27128, 3, 4196, 278, 3.9),
(26216, 3, 4082, 266, 4.9),
(24121286, 3, 34803, 286, 3.5),
(22190, 3, 34806, 290, 4.5),
(25120, 3, 4085, 2500, 4.2),
(3246, 3, 1299, 346, 3.9),
(32216, 3, 34801, 316, 4.9),
(31209, 3, 34810, 309, 3.5),
(3123421, 3, 22586, 321, 4.5),
(312467, 3, 1340, 367, 3.9),
(31272, 3, 1300, 372, 4.9),
(32351, 3, 34866, 351, 3.5),
(312393, 3, 3194, 393, 4.5),
(31263, 3, 34807, 363, 3.9),
(3648, 3, 34808, 368, 4.9),
(37341, 3, 2476, 371, 3.5),
(11269, 4, 1297, 169, 3.9),--Notas estudiante id 4 hasta quinto semestre 
(212300, 4, 1290, 200, 4.9),
(153470, 4, 33699, 170, 3.5),
(12397, 4, 34816, 197, 4.5),
(19232, 4, 33733, 192, 4.2),
(18444, 4, 34580, 184, 4.3),
(23127, 4, 33732, 237, 3.9),
(21205, 4, 33700, 205, 4.9),
(24238, 4, 34805, 248, 3.5),
(21247, 4, 4190, 247, 4.5),
(24433, 4, 2544, 243, 4.2),
(21278, 4, 4196, 278, 3.9),
(24366, 4, 4082, 266, 4.9),
(21286, 4, 34803, 286, 3.5),
(24390, 4, 34806, 290, 4.5),
(21250, 4, 4085, 2500, 4.2),
(3431246, 4, 1299, 346, 3.9),
(31216, 4, 34801, 316, 4.9),
(30129, 4, 34810, 309, 3.5),
(32431, 4, 22586, 321, 4.5),
(16128, 5, 1297, 168, 3.9),-- Notas estudiante id 5 hasta cuarto semestre
(15127, 5, 1290, 157, 4.9),
(161233, 5, 33699, 163, 3.5),
(18123, 5, 34816, 183, 4.5),
(19123, 5, 33733, 193, 4.2),
(1614237, 5, 34580, 167, 4.3),
(20124, 5, 33732, 204, 3.9),
(20215, 5, 33700, 205, 4.9),
(24438, 5, 34805, 248, 3.5),
(24121, 5, 4190, 241, 4.5),
(24126, 5, 2544, 246, 4.2),
(27438, 5, 4196, 278, 3.9),
(26126, 5, 4082, 266, 4.9),
(28126, 5, 34803, 286, 3.5),
(29120, 5, 34806, 290, 4.5),
(25430, 5, 4085, 2500, 4.2),
(19128, 6, 1297, 198, 3.9),--Notas estudiante id 6 hasta tercer semestre
(1936, 6, 1290, 196, 4.9),
(18281, 6, 33699, 188, 3.5),
(18220, 6, 34816, 180, 4.5),
(15128, 6, 33733, 158, 4.2),
(181241, 6, 34580, 184, 4.3),
(231227, 6, 33732, 237, 3.9),
(20125, 6, 33700, 205, 4.9),
(22547, 6, 34805, 227, 3.5),
(25450, 6, 4190, 250, 4.5),
(22312, 6, 2544, 212, 4.2),
(12395, 7, 1297, 195, 3.9),--Notas estudiante id 7 hasta segundo semestre
(123194, 7, 1290, 194, 4.9),
(12703, 7, 33699, 170, 3.5),
(11287, 7, 34816, 187, 4.5),
(11292, 7, 33733, 192, 4.2),
(11267, 7, 34580, 167, 4.3)
ON CONFLICT (id_nota) DO NOTHING;

-- Insertar datos de ejemplo en la tabla Estudiante_Clase
-- Organizacion de estudiantes:
-- Semestre 1: 1 - 25
-- Semestre 2: 26 - 51
-- Semestre 3: 52 - 77
-- Semestre 4: 78 - 103
-- Semestre 5: 104 - 129
-- Semestre 6: 130 - 155
-- Semestre 7: 156 - 181
-- Semestre 8: 182 - 208
INSERT INTO Estudiante_Clase (id_estudiante, id_clase) VALUES
(1, 66), -- Primer Semestre
(2, 127),
(3, 103),
(4, 66),
(5, 127),
(6, 103),
(7, 66),
(8, 127),
(9, 103),
(10, 5324),
(11, 5330),
(12, 5341),
(13, 5350),
(14, 5198),
(15, 5378),
(16, 5385),
(17, 5391),
(18, 5447),
(19, 5222),
(20, 5265),
(21, 5266),
(22, 5301),
(23, 5324),
(24, 5330),
(25, 5341),
(26, 5350),
(1, 131),
(2, 131),
(3, 131),
(4, 131),
(5, 131),
(6, 131),
(7, 131),
(8, 131),
(9, 6677),
(10, 6719),
(11, 6746),
(12, 6799),
(13, 6677),
(14, 6719),
(15, 6746),
(16, 6799),
(17, 6677),
(18, 6719),
(19, 6746),
(20, 6799),
(21, 6677),
(22, 6719),
(23, 6746),
(24, 6799),
(25, 6677),
(26, 6719),
(1, 38),
(2, 38),
(3, 38),
(4, 38),
(5, 38),
(6, 38),
(7, 38),
(8, 38),
(9, 38),
(10, 1519),
(11, 1521),
(12, 1454),
(13, 1529),
(14, 1530),
(15, 13934),
(16, 1572),
(17, 1573),
(18, 1576),
(19, 1473),
(20, 1577),
(21, 1578),
(22, 1667),
(23, 1668),
(24, 13937),
(25, 1669),
(26, 15126),
(1, 97),
(2, 58),
(3, 29),
(4, 97),
(5, 58),
(6, 29),
(7, 97),
(8, 58),
(9, 29),
(10, 1490),
(11, 1485),
(12, 1486),
(13, 1487),
(14, 1488),
(15, 1490),
(16, 1485),
(17, 1486),
(18, 1487),
(19, 1488),
(20, 1490),
(21, 1485),
(22, 1486),
(23, 1487),
(24, 1488),
(25, 1490),
(26, 1485),
(1, 79),
(2, 47),
(3, 112),
(4, 79),
(5, 47),
(6, 112),
(7, 79),
(8, 47),
(9, 112),
(10, 5151),
(11, 5365),
(12, 5381),
(13, 5389),
(14, 9978),
(15, 9979),
(16, 9983),
(17, 4629),
(18, 9985),
(19, 9986),
(20, 9987),
(21, 9991),
(22, 9993),
(23, 9995),
(24, 4636),
(25, 4687),
(26, 5411),
(1, 138),
(2, 30),
(3, 114),
(4, 138),
(5, 30),
(6, 114),
(7, 138),
(8, 30),
(9, 114),
(10, 1498),
(11, 1499),
(12, 1492),
(13, 1494),
(14, 1662),
(15, 1498),
(16, 1499),
(17, 1492),
(18, 1494),
(19, 1662),
(20, 1498),
(21, 1499),
(22, 1492),
(23, 1494),
(24, 1662),
(25, 1498),
(26, 1499), -- Segundo semestre
(27, 6193),
(28, 6199),
(29, 14920),
(30, 6168),
(31, 6170),
(32, 6175),
(33, 6180),
(34, 6182),
(35, 6186),
(36, 6193),
(37, 6199),
(38, 14920),
(39, 6168),
(40, 6170),
(41, 6175),
(42, 6180),
(43, 6182),
(44, 6186),
(45, 6193),
(46, 6199),
(47, 14920),
(48, 6168),
(49, 6170),
(50, 6175),
(51, 6180),
(52, 6182),
(27, 4185),
(28, 4504),
(29, 4532),
(30, 4543),
(31, 4561),
(32, 4590),
(33, 4596),
(34, 4242),
(35, 4311),
(36, 4327),
(37, 4185),
(38, 4504),
(39, 4532),
(40, 4543),
(41, 4561),
(42, 4590),
(43, 4596),
(44, 4242),
(45, 4311),
(46, 4327),
(47, 4185),
(48, 4504),
(49, 4532),
(50, 4543),
(51, 4561),
(52, 4590),
(27, 1447),
(28, 1464),
(29, 1465),
(30, 1447),
(31, 1464),
(32, 1465),
(33, 1447),
(34, 1464),
(35, 1465),
(36, 1447),
(37, 1464),
(38, 1465),
(39, 1447),
(40, 1464),
(41, 1465),
(42, 1447),
(43, 1464),
(44, 1465),
(45, 1447),
(46, 1464),
(47, 1465),
(48, 1447),
(49, 1464),
(50, 1465),
(51, 1447),
(52, 1464),
(27, 3868),
(28, 3906),
(29, 3943),
(30, 3984),
(31, 12461),
(32, 3868),
(33, 3906),
(34, 3943),
(35, 3984),
(36, 12461),
(37, 3868),
(38, 3906),
(39, 3943),
(40, 3984),
(41, 12461),
(42, 3868),
(43, 3906),
(44, 3943),
(45, 3984),
(46, 12461),
(47, 3868),
(48, 3906),
(49, 3943),
(50, 3984),
(51, 12461),
(52, 3868),
(27, 4293),
(28, 3823),
(29, 4293),
(30, 3823),
(31, 4293),
(32, 3823),
(33, 4293),
(34, 3823),
(35, 4293),
(36, 3823),
(37, 4293),
(38, 3823),
(39, 4293),
(40, 3823),
(41, 4293),
(42, 3823),
(43, 4293),
(44, 3823),
(45, 4293),
(46, 3823),
(47, 4293),
(48, 3823),
(49, 4293),
(50, 3823),
(51, 4293),
(52, 3823), -- Tercer semestre
(53, 4466),
(54, 4277),
(55, 4320),
(56, 3942),
(57, 4449),
(58, 4466),
(59, 4277),
(60, 4320),
(61, 3942),
(62, 4449),
(63, 4466),
(64, 4277),
(65, 4320),
(66, 3942),
(67, 4449),
(68, 4466),
(69, 4277),
(70, 4320),
(71, 3942),
(72, 4449),
(73, 4466),
(74, 4277),
(75, 4320),
(76, 3942),
(77, 4449),
(78, 4466),
(53, 1451),
(54, 1472),
(55, 1451),
(56, 1472),
(57, 1451),
(58, 1472),
(59, 1451),
(60, 1472),
(61, 1451),
(62, 1472),
(63, 1451),
(64, 1472),
(65, 1451),
(66, 1472),
(67, 1451),
(68, 1472),
(69, 1451),
(70, 1472),
(71, 1451),
(72, 1472),
(73, 1451),
(74, 1472),
(75, 1451),
(76, 1472),
(77, 1451),
(78, 1472),
(53, 1580),
(54, 1584),
(55, 1580),
(56, 1584),
(57, 1580),
(58, 1584),
(59, 1580),
(60, 1584),
(61, 1580),
(62, 1584),
(63, 1580),
(64, 1584),
(65, 1580),
(66, 1584),
(67, 1580),
(68, 1584),
(69, 1580),
(70, 1584),
(71, 1580),
(72, 1584),
(73, 1580),
(74, 1584),
(75, 1580),
(76, 1584),
(77, 1580),
(78, 1584),
(53, 1446),
(54, 1474),
(55, 1477),
(56, 1479),
(57, 1446),
(58, 1474),
(59, 1477),
(60, 1479),
(61, 1446),
(62, 1474),
(63, 1477),
(64, 1479),
(65, 1446),
(66, 1474),
(67, 1477),
(68, 1479),
(69, 1446),
(70, 1474),
(71, 1477),
(72, 1479),
(73, 1446),
(74, 1474),
(75, 1477),
(76, 1479),
(77, 1446),
(78, 1474),
(53, 2223),
(54, 2301),
(55, 2332),
(56, 2345),
(57, 2369),
(58, 2395),
(59, 2294),
(60, 2296),
(61, 2297),
(62, 2223),
(63, 2301),
(64, 2332),
(65, 2345),
(66, 2369),
(67, 2395),
(68, 2294),
(69, 2296),
(70, 2297),
(71, 2223),
(72, 2301),
(73, 2332),
(74, 2345),
(75, 2369),
(76, 2395),
(77, 2294),
(78, 2296), -- Cuarto semestre
(79, 1557),
(80, 1558),
(81, 1561),
(82, 1562),
(83, 1557),
(84, 1558),
(85, 1561),
(86, 1562),
(87, 1557),
(88, 1558),
(89, 1561),
(90, 1562),
(91, 1557),
(92, 1558),
(93, 1561),
(94, 1562),
(95, 1557),
(96, 1558),
(97, 1561),
(98, 1562),
(99, 1557),
(100, 1558),
(101, 1561),
(102, 1562),
(103, 1557),
(104, 1558),
(79, 1537),
(80, 1539),
(81, 1537),
(82, 1539),
(83, 1537),
(84, 1539),
(85, 1537),
(86, 1539),
(87, 1537),
(88, 1539),
(89, 1537),
(90, 1539),
(91, 1537),
(92, 1539),
(93, 1537),
(94, 1539),
(95, 1537),
(96, 1539),
(97, 1537),
(98, 1539),
(99, 1537),
(100, 1539),
(101, 1537),
(102, 1539),
(103, 1537),
(104, 1539),
(79, 1552),
(80, 1552),
(81, 1552),
(82, 1552),
(83, 1552),
(84, 1552),
(85, 1552),
(86, 1552),
(87, 1552),
(88, 1552),
(89, 1552),
(90, 1552),
(91, 1552),
(92, 1552),
(93, 1552),
(94, 1552),
(95, 1552),
(96, 1552),
(97, 1552),
(98, 1552),
(99, 1552),
(100, 1552),
(101, 1552),
(102, 1552),
(103, 1552),
(104, 1552),
(79, 1586),
(80, 1586),
(81, 1587),
(82, 1587),
(83, 1586),
(84, 1586),
(85, 1587),
(86, 1587),
(87, 1586),
(88, 1586),
(89, 1587),
(90, 1587),
(91, 1586),
(92, 1586),
(93, 1587),
(94, 1586),
(95, 1587),
(96, 1586),
(97, 1587),
(98, 1586),
(99, 1587),
(100, 1586),
(101, 1587),
(102, 1586),
(103, 1587),
(104, 1586),
(79, 1664),
(80, 1664),
(81, 1520),
(82, 1520),
(83, 1664),
(84, 1664),
(85, 1520),
(86, 1520),
(87, 1664),
(88, 1664),
(89, 1520),
(90, 1520),
(91, 1664),
(92, 1664),
(93, 1520),
(94, 1664),
(95, 1520),
(96, 1664),
(97, 1520),
(98, 1664),
(99, 1520),
(100, 1664),
(101, 1520),
(102, 1664),
(103, 1520),
(104, 1664), -- Quinto semestre
(105, 6296),
(106, 6302),
(107, 6306),
(108, 14918),
(109, 6296),
(110, 6302),
(111, 6306),
(112, 14918),
(113, 6296),
(114, 6302),
(115, 6306),
(116, 14918),
(117, 6296),
(118, 6302),
(119, 6306),
(120, 14918),
(121, 6296),
(122, 6302),
(123, 6306),
(124, 14918),
(125, 6296),
(126, 6302),
(127, 6306),
(128, 14918),
(129, 6296),
(130, 6302),
(105, 1567),
(106, 1568),
(107, 1569),
(108, 1567),
(109, 1568),
(110, 1569),
(111, 1567),
(112, 1568),
(113, 1569),
(114, 1567),
(115, 1568),
(116, 1569),
(117, 1567),
(118, 1568),
(119, 1569),
(120, 1567),
(121, 1568),
(122, 1569),
(123, 1567),
(124, 1568),
(125, 1569),
(126, 1567),
(127, 1568),
(128, 1569),
(129, 1567),
(130, 1568),
(105, 1526),
(106, 1526),
(107, 1526),
(108, 1526),
(109, 1526),
(110, 1526),
(111, 1526),
(112, 1526),
(113, 1526),
(114, 1526),
(115, 1526),
(116, 1526),
(117, 1526),
(118, 1526),
(119, 1526),
(120, 1526),
(121, 1526),
(122, 1526),
(123, 1526),
(124, 1526),
(125, 1526),
(126, 1526),
(127, 1526),
(128, 1526),
(129, 1526),
(130, 1526),
(105, 1507),
(106, 12503),
(107, 1507),
(108, 12503),
(109, 1507),
(110, 12503),
(111, 1507),
(112, 12503),
(113, 1507),
(114, 12503),
(115, 1507),
(116, 12503),
(117, 1507),
(118, 12503),
(119, 1507),
(120, 12503),
(121, 1507),
(122, 12503),
(123, 1507),
(124, 12503),
(125, 1507),
(126, 12503),
(127, 1507),
(128, 12503),
(129, 1507),
(130, 12503), -- Sexto semestre
(131, 8110),
(132, 8155),
(133, 8077),
(134, 8201),
(135, 8205),
(136, 15013),
(137, 15058),
(138, 15280),
(139, 8110),
(140, 8155),
(141, 8077),
(142, 8201),
(143, 8205),
(144, 15013),
(145, 15058),
(146, 15280),
(147, 8110),
(148, 8155),
(149, 8077),
(150, 8201),
(151, 8205),
(152, 15013),
(153, 15058),
(154, 15280),
(155, 8110),
(156, 8155),
(131, 6345),
(132, 6346),
(133, 6350),
(134, 14921),
(135, 6345),
(136, 6346),
(137, 6350),
(138, 14921),
(139, 6345),
(140, 6346),
(141, 6350),
(142, 14921),
(143, 6345),
(144, 6346),
(145, 6350),
(146, 14921),
(147, 6345),
(148, 6346),
(149, 6350),
(150, 14921),
(151, 6345),
(152, 6346),
(153, 6350),
(154, 14921),
(155, 6345),
(156, 6346),
(131, 4129),
(132, 4143),
(133, 4158),
(134, 4192),
(135, 4201),
(136, 4129),
(137, 4143),
(138, 4158),
(139, 4192),
(140, 4201),
(141, 4129),
(142, 4143),
(143, 4158),
(144, 4192),
(145, 4201),
(146, 4129),
(147, 4143),
(148, 4158),
(149, 4192),
(150, 4201),
(151, 4129),
(152, 4143),
(153, 4158),
(154, 4192),
(155, 4201),
(156, 4129),
(131, 1553),
(132, 1554),
(133, 1555),
(134, 13514),
(135, 1666),
(136, 1553),
(137, 1554),
(138, 1555),
(139, 13514),
(140, 1666),
(141, 1553),
(142, 1554),
(143, 1555),
(144, 13514),
(145, 1666),
(146, 1553),
(147, 1554),
(148, 1555),
(149, 13514),
(150, 1666),
(151, 1553),
(152, 1554),
(153, 1555),
(154, 13514),
(155, 1666),
(156, 1553),
(131, 1590),
(132, 1591),
(133, 1592),
(134, 1593),
(135, 13971),
(136, 14981),
(137, 1590),
(138, 1591),
(139, 1592),
(140, 1593),
(141, 13971),
(142, 14981),
(143, 1590),
(144, 1591),
(145, 1592),
(146, 1593),
(147, 13971),
(148, 14981),
(149, 1590),
(150, 1591),
(151, 1592),
(152, 1593),
(153, 13971),
(154, 14981),
(155, 1590),
(156, 1591),
(131, 1657),
(132, 1658),
(133, 1659),
(134, 13190),
(135, 1660),
(136, 1657),
(137, 1658),
(138, 1659),
(139, 13190),
(140, 1660),
(141, 1657),
(142, 1658),
(143, 1659),
(144, 13190),
(145, 1660),
(146, 1657),
(147, 1658),
(148, 1659),
(149, 13190),
(150, 1660),
(151, 1657),
(152, 1658),
(153, 1659),
(154, 13190),
(155, 1660),
(156, 1657),
(131, 2302),
(132, 2356),
(133, 2333),
(134, 2334),
(135, 2358),
(136, 2303),
(137, 2354),
(138, 2355),
(139, 2302),
(140, 2356),
(141, 2333),
(142, 2334),
(143, 2358),
(144, 2303),
(145, 2354),
(146, 2355),
(147, 2302),
(148, 2356),
(149, 2333),
(150, 2334),
(151, 2358),
(152, 2303),
(153, 2354),
(154, 2355),
(155, 2302),
(156, 2356), -- Septimo semestre
(157, 4938),
(158, 4941),
(159, 4946),
(160, 4938),
(161, 4941),
(162, 4946),
(163, 4938),
(164, 4941),
(165, 4946),
(166, 4938),
(167, 4941),
(168, 4946),
(169, 4938),
(170, 4941),
(171, 4946),
(172, 4938),
(173, 4941),
(174, 4946),
(175, 4938),
(176, 4941),
(177, 4946),
(178, 4938),
(179, 4941),
(180, 4946),
(181, 4938),
(182, 4941),
(157, 1514),
(158, 1515),
(159, 1518),
(160, 1522),
(161, 1528),
(162, 9733),
(163, 1514),
(164, 1515),
(165, 1518),
(166, 1522),
(167, 1528),
(168, 9733),
(169, 1514),
(170, 1515),
(171, 1518),
(172, 1522),
(173, 1528),
(174, 9733),
(175, 1514),
(176, 1515),
(177, 1518),
(178, 1522),
(179, 1528),
(180, 9733),
(181, 1514),
(182, 1515),
(157, 1475),
(158, 1476),
(159, 13992),
(160, 1475),
(161, 1476),
(162, 13992),
(163, 1475),
(164, 1476),
(165, 13992),
(166, 1475),
(167, 1476),
(168, 13992),
(169, 1475),
(170, 1476),
(171, 13992),
(172, 1475),
(173, 1476),
(174, 13992),
(175, 1475),
(176, 1476),
(177, 13992),
(178, 1475),
(179, 1476),
(180, 13992),
(181, 1475),
(182, 1476),
(157, 1594),
(158, 1595),
(159, 1596),
(160, 15037),
(161, 1594),
(162, 1595),
(163, 1596),
(164, 15037),
(165, 1594),
(166, 1595),
(167, 1596),
(168, 15037),
(169, 1594),
(170, 1595),
(171, 1596),
(172, 15037),
(173, 1594),
(174, 1595),
(175, 1596),
(176, 15037),
(177, 1594),
(178, 1595),
(179, 1596),
(180, 15037),
(181, 1594),
(182, 1595),
(157, 1680),
(158, 1683),
(159, 14003),
(160, 1680),
(161, 1683),
(162, 14003),
(163, 1680),
(164, 1683),
(165, 14003),
(166, 1680),
(167, 1683),
(168, 14003),
(169, 1680),
(170, 1683),
(171, 14003),
(172, 1680),
(173, 1683),
(174, 14003),
(175, 1680),
(176, 1683),
(177, 14003),
(178, 1680),
(179, 1683),
(180, 14003),
(181, 1680),
(182, 1683),
(157, 7877),
(158, 7878),
(159, 7879),
(160, 7877),
(161, 7878),
(162, 7879),
(163, 7877),
(164, 7878),
(165, 7879),
(166, 7877),
(167, 7878),
(168, 7879),
(169, 7877),
(170, 7878),
(171, 7879),
(172, 7877),
(173, 7878),
(174, 7879),
(175, 7877),
(176, 7878),
(177, 7879),
(178, 7877),
(179, 7878),
(180, 7879),
(181, 7877),
(182, 7878), -- Octavo semestre
(183, 1544),
(184, 1545),
(185, 1546),
(186, 1544),
(187, 1545),
(188, 1546),
(189, 1544),
(190, 1545),
(191, 1546),
(192, 1544),
(193, 1545),
(194, 1546),
(195, 1544),
(196, 1545),
(197, 1546),
(198, 1544),
(199, 1545),
(200, 1546),
(201, 1544),
(202, 1545),
(203, 1546),
(204, 1544),
(205, 1545),
(206, 1546),
(207, 1544),
(208, 1545),
(183, 1677),
(184, 1678),
(185, 1679),
(186, 13996),
(187, 13997),
(188, 13999),
(189, 14000),
(190, 14001),
(191, 1670),
(192, 1671),
(193, 1673),
(194, 1674),
(195, 1675),
(196, 13995),
(197, 13996),
(198, 13997),
(199, 13999),
(200, 14000),
(201, 14001),
(202, 1670),
(203, 1671),
(204, 1673),
(205, 1674),
(206, 1675),
(207, 13995),
(208, 13996),
(183, 1511),
(184, 1512),
(185, 7183),
(186, 1511),
(187, 1512),
(188, 7183),
(189, 1511),
(190, 1512),
(191, 7183),
(192, 1511),
(193, 1512),
(194, 7183),
(195, 1511),
(196, 1512),
(197, 7183),
(198, 1511),
(199, 1512),
(200, 7183),
(201, 1511),
(202, 1512),
(203, 7183),
(204, 1511),
(205, 1512),
(206, 7183),
(207, 1511),
(208, 1512),
(183, 8081),
(184, 8082),
(185, 8083),
(186, 8081),
(187, 8082),
(188, 8083),
(189, 8081),
(190, 8082),
(191, 8083),
(192, 8081),
(193, 8082),
(194, 8083),
(195, 8081),
(196, 8082),
(197, 8083),
(198, 8081),
(199, 8082),
(200, 8083),
(201, 8081),
(202, 8082),
(203, 8083),
(204, 8081),
(205, 8082),
(206, 8083),
(207, 8081),
(208, 8082),
(183, 7927),
(184, 7941),
(185, 7944),
(186, 7946),
(187, 7928),
(188, 7930),
(189, 7932),
(190, 7933),
(191, 7936),
(192, 7937),
(193, 7938),
(194, 7927),
(195, 7941),
(196, 7944),
(197, 7946),
(198, 7928),
(199, 7930),
(200, 7932),
(201, 7933),
(202, 7936),
(203, 7937),
(204, 7938),
(205, 7927),
(206, 7941),
(207, 7944),
(208, 7946),
(1, 151), --estudiante 1. Octavo semestre
(1, 190),
(1, 170),
(1, 197),
(1, 192),
(1, 167),
(1, 204),
(1, 205),
(1, 227),
(1, 250),
(1, 219),
(1, 278),
(1, 266),
(1, 286),
(1, 290),
(1, 2500),
(1, 346),
(1, 316),
(1, 309),
(1, 321),
(1, 367),
(1, 372),
(1, 351),
(1, 393),
(1, 363),
(1, 368),
(1, 371),
(1, 461),
(1, 411),
(1, 416),
(1, 469),
(1, 440),
(1, 485),
(1, 1544),
(1, 1670),
(1, 1512),
(1, 8082),
(1, 7946),
(2, 189),-- estudiante 2. Septimo semestre
(2, 199),
(2, 163),
(2, 183),
(2, 193),
(2, 184),
(2, 237),
(2, 240),
(2, 248),
(2, 241),
(2, 243),
(2, 278),
(2, 266),
(2, 286),
(2, 290),
(2, 2500),
(2, 346),
(2, 316),
(2, 309),
(2, 321),
(2, 367),
(2, 372),
(2, 351),
(2, 393),
(2, 363),
(2, 368),
(2, 371),
(2, 461),
(2, 411),
(2, 416),
(2, 469),
(2, 440),
(2, 485),
(3, 152), -- estudiante 3. Sexto semestre
(3, 176),
(3, 188),
(3, 180),
(3, 173),
(3, 167),
(3, 216),
(3, 205),
(3, 227),
(3, 215),
(3, 212),
(3, 278),
(3, 266),
(3, 286),
(3, 290),
(3, 2500),
(3, 346),
(3, 316),
(3, 309),
(3, 321),
(3, 367),
(3, 372),
(3, 351),
(3, 393),
(3, 363),
(3, 368),
(3, 371),
(4, 169),-- estudiante 4. Quinto semestre
(4, 200),
(4, 170),
(4, 197),
(4, 192),
(4, 184),
(4, 237),
(4, 205),
(4, 248),
(4, 247),
(4, 243),
(4, 278),
(4, 266),
(4, 286),
(4, 290),
(4, 2500),
(4, 346),
(4, 316),
(4, 309),
(4, 321),
(5, 168),-- estudiante 5. Cuarto semestre
(5, 157),
(5, 163),
(5, 183),
(5, 193),
(5, 167),
(5, 204),
(5, 205),
(5, 248),
(5, 241),
(5, 246),
(5, 278),
(5, 266),
(5, 286),
(5, 290),
(5, 2500),
(6, 198),-- estudiante 6. Tercer semestre
(6, 196),
(6, 188),
(6, 180),
(6, 158),
(6, 184),
(6, 237),
(6, 205),
(6, 227),
(6, 250),
(6, 212),
(7, 195),-- estudiante 7. Segundo semestre
(7, 194),
(7, 170),
(7, 187),
(7, 192),
(7, 167) -- El estudiante con ID 8 esta en primer semestre.
ON CONFLICT (id_estudiante, id_clase) DO NOTHING;

-- Prerrequisitos de cursos
INSERT INTO Prerrequisito_Curso(id_curso,id_prerrequisito_curso) VALUES
(1297,1295),
(33700,33518),
(34801,33518),
(4196,33518),
(33699,33698),
(4190,33698),
(34580,33698),
(4082,4075),
(33733,33763),
(33732,1297),
(1300,1297),
(1299,1290),
(1300,1290),
(34866,1290),
(4196,33699),
(34801,33699),
(33700,33699),
(34805,33699),
(34803,34816),
(34810,33733),
(2544,33733),
(4085,34580),
(34866,33732),
(4085,33732),
(4082,33700),
(34807,33700),
(34808,33700),
(34808,34805),
(22586,34805),
(34808,4190),
(34807,4190),
(22586,4190),
(5100,2544),
(4084,4196),
(3194,4196),
(31339,4082),
(34810,4082),
(31339,34803),
(34810,34803),
(5100,34803),
(34810,34806),
(34807,34806),
(34808,34806),
(5100,34806),
(22586,4085),
(3194,34801),
(34807,34801),
(34814,34810),
(34804,34810),
(2476,34810),
(5100,22586),
(1291,1300),
(4185,34807),
(4185,34808),
(34814,31339),
(34814,4185)
ON CONFLICT (id_curso, id_prerrequisito_curso) DO NOTHING;

-- Horarios de clase
INSERT INTO Horario_Clase (id_clase, dia, hora_inicio, hora_fin) VALUES
(5198, 'Martes', '07:00', '09:00'),
(5198, 'Jueves', '07:00', '09:00'),
(5378, 'Miércoles', '11:00', '13:00'),
(5378, 'Viernes', '11:00', '13:00'),
(5385, 'Miércoles', '14:00', '16:00'),
(5385, 'Viernes', '14:00', '16:00'),
(5391, 'Lunes', '14:00', '16:00'),
(5391, 'Viernes', '14:00', '16:00'),
(5447, 'Lunes', '14:00', '16:00'),
(5447, 'Jueves', '14:00', '16:00'),
(5222, 'Martes', '07:00', '09:00'),
(5222, 'Jueves', '07:00', '09:00'),
(5265, 'Martes', '07:00', '09:00'),
(5265, 'Jueves', '07:00', '09:00'),
(5266, 'Miércoles', '07:00', '09:00'),
(5266, 'Viernes', '07:00', '09:00'),
(5301, 'Miércoles', '07:00', '09:00'),
(5301, 'Viernes', '07:00', '09:00'),
(5324, 'Lunes', '07:00', '09:00'),
(5324, 'Viernes', '07:00', '09:00'),
(5330, 'Miércoles', '07:00', '09:00'),
(5330, 'Viernes', '07:00', '09:00'),
(5341, 'Miércoles', '09:00', '11:00'),
(5341, 'Viernes', '09:00', '11:00'),
(5350, 'Miércoles', '09:00', '11:00'),
(5350, 'Viernes', '09:00', '11:00'),
(6677, 'Miércoles', '16:00', '18:00'),
(6677, 'Viernes', '16:00', '18:00'),
(6719, 'Lunes', '11:00', '13:00'),
(6719, 'Miércoles', '11:00', '13:00'),
(6746, 'Martes', '16:00', '18:00'),
(6746, 'Jueves', '16:00', '18:00'),
(6799, 'Sábado', '08:00', '12:00'),
(1450, 'Martes', '07:00', '09:00'),
(1450, 'Jueves', '07:00', '09:00'),
(1450, 'Viernes', '18:00', '20:00'),
(1497, 'Martes', '18:00', '20:00'),
(1497, 'Jueves', '18:00', '20:00'),
(1497, 'Viernes', '18:00', '20:00'),
(13537, 'Martes', '11:00', '13:00'),
(13537, 'Jueves', '11:00', '13:00'),
(13537, 'Viernes', '18:00', '20:00'),
(1502, 'Lunes', '18:00', '20:00'),
(1502, 'Jueves', '18:00', '20:00'),
(1502, 'Viernes', '18:00', '20:00'),
(1505, 'Miércoles', '07:00', '09:00'),
(1505, 'Viernes', '07:00', '09:00'),
(1505, 'Viernes', '18:00', '20:00'),
(1508, 'Lunes', '07:00', '09:00'),
(1508, 'Viernes', '07:00', '09:00'),
(1508, 'Viernes', '18:00', '20:00'),
(1513, 'Lunes', '18:00', '20:00'),
(1513, 'Miércoles', '18:00', '20:00'),
(1513, 'Viernes', '18:00', '20:00'),
(1516, 'Lunes', '07:00', '09:00'),
(1516, 'Miércoles', '07:00', '09:00'),
(1516, 'Viernes', '18:00', '20:00'),
(1517, 'Lunes', '07:00', '09:00'),
(1517, 'Viernes', '07:00', '09:00'),
(1517, 'Viernes', '18:00', '20:00'),
(1519, 'Lunes', '18:00', '20:00'),
(1519, 'Miércoles', '18:00', '20:00'),
(1519, 'Viernes', '18:00', '20:00'),
(1521, 'Martes', '18:00', '20:00'),
(1521, 'Jueves', '18:00', '20:00'),
(1521, 'Viernes', '18:00', '20:00'),
(1454, 'Lunes', '16:00', '18:00'),
(1454, 'Miércoles', '16:00', '18:00'),
(1454, 'Viernes', '18:00', '20:00'),
(1529, 'Lunes', '07:00', '09:00'),
(1529, 'Miércoles', '07:00', '09:00'),
(1529, 'Viernes', '18:00', '20:00'),
(1530, 'Martes', '07:00', '09:00'),
(1530, 'Jueves', '07:00', '09:00'),
(1530, 'Viernes', '18:00', '20:00'),
(13934, 'Miércoles', '07:00', '09:00'),
(13934, 'Viernes', '07:00', '09:00'),
(13934, 'Viernes', '18:00', '20:00'),
(1572, 'Miércoles', '07:00', '09:00'),
(1572, 'Viernes', '07:00', '09:00'),
(1572, 'Viernes', '18:00', '20:00'),
(1573, 'Martes', '16:00', '18:00'),
(1573, 'Jueves', '16:00', '18:00'),
(1573, 'Viernes', '18:00', '20:00'),
(1576, 'Lunes', '16:00', '18:00'),
(1576, 'Miércoles', '16:00', '18:00'),
(1576, 'Viernes', '18:00', '20:00'),
(1473, 'Lunes', '09:00', '11:00'),
(1473, 'Miércoles', '09:00', '11:00'),
(1473, 'Viernes', '18:00', '20:00'),
(1577, 'Martes', '16:00', '18:00'),
(1577, 'Jueves', '16:00', '18:00'),
(1577, 'Viernes', '18:00', '20:00'),
(1578, 'Miércoles', '16:00', '18:00'),
(1578, 'Viernes', '16:00', '18:00'),
(1578, 'Viernes', '18:00', '20:00'),
(1667, 'Martes', '07:00', '09:00'),
(1667, 'Jueves', '07:00', '09:00'),
(1667, 'Viernes', '18:00', '20:00'),
(1668, 'Martes', '07:00', '09:00'),
(1668, 'Jueves', '07:00', '09:00'),
(1668, 'Viernes', '18:00', '20:00'),
(13937, 'Lunes', '11:00', '13:00'),
(13937, 'Miércoles', '11:00', '13:00'),
(13937, 'Viernes', '18:00', '20:00'),
(1669, 'Lunes', '07:00', '09:00'),
(1669, 'Miércoles', '07:00', '09:00'),
(1669, 'Viernes', '18:00', '20:00'),
(15126, 'Miércoles', '16:00', '18:00'),
(15126, 'Viernes', '16:00', '18:00'),
(15126, 'Viernes', '18:00', '20:00'),
(1485, 'Martes', '09:00', '12:00'),
(1486, 'Jueves', '14:00', '17:00'),
(1487, 'Miércoles', '09:00', '12:00'),
(1488, 'Miércoles', '14:00', '17:00'),
(1490, 'Viernes', '09:00', '12:00'),
(4782, 'Lunes', '14:00', '17:00'),
(4795, 'Lunes', '14:00', '17:00'),
(4799, 'Lunes', '14:00', '17:00'),
(4825, 'Lunes', '14:00', '17:00'),
(4833, 'Lunes', '14:00', '17:00'),
(4855, 'Lunes', '14:00', '17:00'),
(5140, 'Lunes', '14:00', '17:00'),
(5144, 'Lunes', '14:00', '17:00'),
(4597, 'Lunes', '14:00', '17:00'),
(5151, 'Lunes', '14:00', '17:00'),
(5365, 'Lunes', '14:00', '17:00'),
(5381, 'Lunes', '14:00', '17:00'),
(5389, 'Lunes', '14:00', '17:00'),
(9978, 'Lunes', '14:00', '17:00'),
(9979, 'Lunes', '14:00', '17:00'),
(9983, 'Lunes', '14:00', '17:00'),
(4629, 'Lunes', '14:00', '17:00'),
(9985, 'Lunes', '14:00', '17:00'),
(9986, 'Lunes', '14:00', '17:00'),
(9987, 'Lunes', '14:00', '17:00'),
(9991, 'Lunes', '14:00', '17:00'),
(9993, 'Lunes', '14:00', '17:00'),
(9995, 'Lunes', '14:00', '17:00'),
(4636, 'Lunes', '14:00', '17:00'),
(4687, 'Lunes', '14:00', '17:00'),
(5411, 'Lunes', '07:00', '10:00'),
(1499, 'Miércoles', '09:00', '11:00'),
(1492, 'Miércoles', '11:00', '13:00'),
(1494, 'Martes', '11:00', '13:00'),
(1662, 'Viernes', '07:00', '09:00'),
(1498, 'Miércoles', '18:00', '20:00'),
(6193, 'Miércoles', '16:00', '18:00'),
(6193, 'Viernes', '16:00', '18:00'),
(6199, 'Lunes', '09:00', '11:00'),
(6199, 'Sábado', '09:00', '11:00'),
(14920, 'Martes', '16:00', '18:00'),
(14920, 'Jueves', '16:00', '18:00'),
(6168, 'Martes', '07:00', '09:00'),
(6168, 'Jueves', '07:00', '09:00'),
(6168, 'Miércoles', '07:00', '09:00'),
(6168, 'Viernes', '07:00', '09:00'),
(6175, 'Martes', '09:00', '11:00'),
(6175, 'Jueves', '09:00', '11:00'),
(6180, 'Martes', '14:00', '16:00'),
(6180, 'Jueves', '14:00', '16:00'),
(6182, 'Miércoles', '14:00', '16:00'),
(6182, 'Viernes', '14:00', '16:00'),
(6186, 'Martes', '16:00', '20:00'),
(6186, 'Jueves', '16:00', '20:00'),
(4185, 'Martes', '07:00', '09:00'),
(4185, 'Jueves', '07:00', '09:00'),
(4504, 'Miércoles', '11:00', '13:00'),
(4504, 'Viernes', '11:00', '13:00'),
(4532, 'Martes', '14:00', '16:00'),
(4532, 'Jueves', '14:00', '16:00'),
(4543, 'Martes', '14:00', '16:00'),
(4543, 'Jueves', '14:00', '16:00'),
(4561, 'Martes', '16:00', '20:00'),
(4561, 'Jueves', '16:00', '20:00'),
(4590, 'Miércoles', '14:00', '16:00'),
(4590, 'Viernes', '14:00', '16:00'),
(4596, 'Lunes', '07:00', '09:00'),
(4596, 'Sábado', '07:00', '09:00'),
(4242, 'Martes', '07:00', '09:00'),
(4242, 'Jueves', '07:00', '09:00'),
(4311, 'Lunes', '07:00', '09:00'),
(4311, 'Sábado', '07:00', '09:00'),
(4327, 'Lunes', '09:00', '11:00'),
(4327, 'Miércoles', '09:00', '11:00'),
(1447, 'Lunes', '07:00', '09:00'),
(1447, 'Miércoles', '07:00', '09:00'),
(1447, 'Viernes', '18:00', '20:00'),
(1464, 'Miércoles', '09:00', '11:00'),
(1464, 'Viernes', '09:00', '11:00'),
(1464, 'Viernes', '18:00', '20:00'),
(1465, 'Lunes', '09:00', '11:00'),
(1465, 'Miércoles', '09:00', '11:00'),
(1465, 'Viernes', '18:00', '20:00'),
(1535, 'Viernes', '14:00', '17:00'),
(1536, 'Viernes', '09:00', '12:00'),
(14906, 'Martes', '14:00', '17:00'),
(3868, 'Miércoles', '16:00', '19:00'),
(3906, 'Jueves', '09:00', '12:00'),
(3943, 'Jueves', '14:00', '17:00'),
(3984, 'Viernes', '14:00', '17:00'),
(12461, 'Martes', '16:00', '19:00'),
(4293, 'Martes', '17:00', '20:00'),
(3823, 'Miércoles', '14:00', '17:00'),
(4466, 'Lunes', '11:00', '13:00'),
(4466, 'Miércoles', '11:00', '13:00'),
(4466, 'Viernes', '11:00', '13:00'),
(4277, 'Lunes', '11:00', '13:00'),
(4277, 'Miércoles', '14:00', '16:00'),
(4277, 'Viernes', '14:00', '16:00'),
(4320, 'Lunes', '11:00', '13:00'),
(4320, 'Martes', '11:00', '13:00'),
(4320, 'Jueves', '11:00', '13:00'),
(3942, 'Lunes', '11:00', '13:00'),
(3942, 'Martes', '07:00', '09:00'),
(3942, 'Jueves', '07:00', '09:00'),
(4449, 'Lunes', '11:00', '13:00'),
(4449, 'Martes', '11:00', '13:00'),
(4449, 'Jueves', '11:00', '13:00'),
(1451, 'Miércoles', '09:00', '11:00'),
(1451, 'Viernes', '09:00', '11:00'),
(1472, 'Martes', '14:00', '16:00'),
(1472, 'Jueves', '14:00', '16:00'),
(1580, 'Miércoles', '07:00', '09:00'),
(1446, 'Lunes', '07:00', '09:00'),
(1446, 'Miércoles', '07:00', '09:00'),
(1446, 'Viernes', '07:00', '09:00'),
(1474, 'Lunes', '16:00', '18:00'),
(1474, 'Miércoles', '16:00', '18:00'),
(1474, 'Viernes', '16:00', '18:00'),
(1477, 'Lunes', '18:00', '21:00'),
(1477, 'Miércoles', '18:00', '21:00'),
(1479, 'Martes', '18:00', '21:00'),
(1479, 'Jueves', '18:00', '21:00'),
(2223, 'Viernes', '07:00', '09:00'),
(2301, 'Miércoles', '16:00', '18:00'),
(2332, 'Miércoles', '09:00', '11:00'),
(2345, 'Martes', '07:00', '09:00'),
(2369, 'Viernes', '14:00', '16:00'),
(2395, 'Viernes', '11:00', '13:00'),
(2294, 'Jueves', '14:00', '16:00'),
(2296, 'Miércoles', '11:00', '13:00'),
(2297, 'Lunes', '09:00', '11:00'),
(1557, 'Miércoles', '07:00', '09:00'),
(1557, 'Viernes', '07:00', '09:00'),
(1557, 'Viernes', '18:00', '20:00'),
(1558, 'Lunes', '11:00', '13:00'),
(1558, 'Viernes', '11:00', '13:00'),
(1558, 'Viernes', '18:00', '20:00'),
(1561, 'Martes', '18:00', '20:00'),
(1561, 'Jueves', '18:00', '20:00'),
(1561, 'Viernes', '18:00', '20:00'),
(1562, 'Lunes', '11:00', '13:00'),
(1562, 'Miércoles', '11:00', '13:00'),
(1562, 'Viernes', '18:00', '20:00'),
(1537, 'Martes', '09:00', '11:00'),
(1537, 'Jueves', '09:00', '11:00'),
(1539, 'Martes', '14:00', '16:00'),
(1539, 'Jueves', '14:00', '16:00'),
(1552, 'Miércoles', '14:00', '17:00'),
(1586, 'Miércoles', '07:00', '09:00'),
(1586, 'Viernes', '07:00', '09:00'),
(1587, 'Martes', '09:00', '11:00'),
(1587, 'Jueves', '09:00', '11:00'),
(1588, 'Martes', '18:00', '20:00'),
(1588, 'Jueves', '18:00', '20:00'),
(1664, 'Martes', '09:00', '12:00'),
(1520, 'Jueves', '09:00', '12:00'),
(6296, 'Lunes', '09:00', '11:00'),
(6296, 'Jueves', '09:00', '11:00'),
(6302, 'Miércoles', '16:00', '18:00'),
(6302, 'Viernes', '16:00', '18:00'),
(6306, 'Lunes', '07:00', '09:00'),
(6306, 'Viernes', '07:00', '09:00'),
(14918, 'Miércoles', '16:00', '18:00'),
(14918, 'Viernes', '16:00', '18:00'),
(1567, 'Lunes', '09:00', '11:00'),
(1567, 'Miércoles', '09:00', '11:00'),
(1568, 'Martes', '07:00', '09:00'),
(1568, 'Jueves', '07:00', '09:00'),
(14918, 'Lunes', '11:00', '13:00'),
(14918, 'Miércoles', '11:00', '13:00'),
(1526, 'Jueves', '14:00', '17:00'),
(1507, 'Viernes', '09:00', '11:00'),
(12503, 'Jueves', '14:00', '16:00'),
(8110, 'Lunes', '14:00', '16:00'),
(8155, 'Jueves', '11:00', '13:00'),
(8077, 'Jueves', '07:00', '09:00'),
(8201, 'Miércoles', '11:00', '13:00'),
(8205, 'Viernes', '11:00', '13:00'),
(15013, 'Jueves', '09:00', '11:00'),
(15058, 'Martes', '09:00', '11:00'),
(15280, 'Lunes', '16:00', '18:00'),
(6345, 'Martes', '16:00', '18:00'),
(6345, 'Jueves', '16:00', '18:00'),
(6346, 'Martes', '16:00', '18:00'),
(6346, 'Jueves', '16:00', '18:00'),
(6350, 'Jueves', '14:00', '16:00'),
(6350, 'Viernes', '14:00', '16:00'),
(14921, 'Miércoles', '18:00', '20:00'),
(14921, 'Viernes', '18:00', '20:00'),
(4129, 'Miércoles', '14:00', '17:00'),
(4143, 'Martes', '14:00', '17:00'),
(4158, 'Martes', '14:00', '17:00'),
(4192, 'Miércoles', '14:00', '17:00'),
(4201, 'Viernes', '14:00', '17:00'),
(1553, 'Martes', '09:00', '11:00'),
(1553, 'Jueves', '09:00', '11:00'),
(1554, 'Lunes', '09:00', '11:00'),
(1554, 'Miércoles', '09:00', '11:00'),
(1555, 'Miércoles', '07:00', '09:00'),
(1555, 'Viernes', '07:00', '09:00'),
(13514, 'Martes', '09:00', '11:00'),
(13514, 'Jueves', '09:00', '11:00'),
(1666, 'Martes', '09:00', '11:00'),
(1666, 'Jueves', '09:00', '11:00'),
(1590, 'Martes', '16:00', '18:00'),
(1590, 'Jueves', '16:00', '18:00'),
(1591, 'Martes', '18:00', '20:00'),
(1591, 'Jueves', '18:00', '20:00'),
(1592, 'Martes', '16:00', '18:00'),
(1592, 'Jueves', '16:00', '18:00'),
(1593, 'Martes', '16:00', '18:00'),
(1593, 'Jueves', '16:00', '18:00'),
(13971, 'Martes', '14:00', '16:00'),
(13971, 'Jueves', '14:00', '16:00'),
(14981, 'Martes', '09:00', '11:00'),
(14981, 'Jueves', '09:00', '11:00'),
(1657, 'Jueves', '09:00', '12:00'),
(1658, 'Martes', '09:00', '12:00'),
(1659, 'Miércoles', '09:00', '12:00'),
(13190, 'Miércoles', '14:00', '17:00'),
(1660, 'Miércoles', '18:00', '21:00'),
(2302, 'Lunes', '07:00', '09:00'),
(2356, 'Viernes', '11:00', '13:00'),
(2333, 'Miércoles', '11:00', '13:00'),
(2334, 'Miércoles', '14:00', '16:00'),
(2358, 'Martes', '09:00', '11:00'),
(2303, 'Lunes', '14:00', '16:00'),
(2354, 'Jueves', '16:00', '18:00'),
(2355, 'Viernes', '14:00', '16:00'),
(1475, 'Viernes', '09:00', '11:00'),
(1476, 'Miércoles', '09:00', '11:00'),
(13992, 'Viernes', '14:00', '16:00'),
(4938, 'Miércoles', '07:00', '09:00'),
(4938, 'Viernes', '07:00', '09:00'),
(4941, 'Miércoles', '07:00', '09:00'),
(4941, 'Viernes', '07:00', '09:00'),
(4946, 'Martes', '07:00', '09:00'),
(4946, 'Jueves', '07:00', '09:00'),
(1514, 'Martes', '07:00', '09:00'),
(1514, 'Jueves', '07:00', '09:00'),
(1515, 'Martes', '09:00', '11:00'),
(1515, 'Jueves', '09:00', '11:00'),
(1518, 'Martes', '14:00', '16:00'),
(1518, 'Jueves', '14:00', '16:00'),
(1522, 'Martes', '18:00', '20:00'),
(1522, 'Jueves', '18:00', '20:00'),
(1528, 'Miércoles', '14:00', '16:00'),
(1528, 'Viernes', '14:00', '16:00'),
(9733, 'Martes', '07:00', '09:00'),
(9733, 'Jueves', '07:00', '09:00'),
(1594, 'Lunes', '18:00', '20:00'),
(1594, 'Miércoles', '18:00', '20:00'),
(1595, 'Lunes', '16:00', '18:00'),
(1595, 'Miércoles', '16:00', '18:00'),
(1596, 'Martes', '11:00', '13:00'),
(1596, 'Jueves', '11:00', '13:00'),
(15037, 'Martes', '18:00', '20:00'),
(15037, 'Jueves', '18:00', '20:00'),
(7877, 'Viernes', '14:00', '16:00'),
(7878, 'Viernes', '11:00', '13:00'),
(7879, 'Lunes', '09:00', '11:00'),
(1544, 'Miércoles', '14:00', '16:00'),
(1545, 'Jueves', '14:00', '16:00'),
(1546, 'Viernes', '14:00', '16:00'),
(1511, 'Martes', '15:00', '18:00'),
(1512, 'Jueves', '15:00', '18:00'),
(7183, 'Jueves', '17:00', '20:00'),
(8081, 'Lunes', '09:00', '11:00'),
(8082, 'Lunes', '11:00', '13:00'),
(8083, 'Lunes', '09:00', '11:00'),
(7927, 'Jueves', '14:00', '16:00'),
(7941, 'Viernes', '09:00', '11:00'),
(7944, 'Lunes', '09:00', '11:00'),
(7946, 'Lunes', '09:00', '11:00'),
(7928, 'Miércoles', '11:00', '13:00'),
(7930, 'Jueves', '11:00', '13:00'),
(7932, 'Miércoles', '14:00', '16:00'),
(7933, 'Miércoles', '09:00', '11:00'),
(7936, 'Jueves', '09:00', '11:00'),
(7937, 'Viernes', '11:00', '13:00'),
(7938, 'Lunes', '11:00', '13:00'),
(555, 'Martes', '07:00', '09:00'),
(555, 'Jueves', '07:00', '09:00'),
(604, 'Miércoles', '11:00', '13:00'),
(604, 'Viernes', '11:00', '13:00'),
(650, 'Miércoles', '14:00', '16:00'),
(650, 'Viernes', '14:00', '16:00'),
(658, 'Lunes', '14:00', '16:00'),
(658, 'Viernes', '14:00', '16:00'),
(600, 'Lunes', '14:00', '16:00'),
(600, 'Jueves', '14:00', '16:00'),
(579, 'Martes', '07:00', '09:00'),
(579, 'Jueves', '07:00', '09:00'),
(596, 'Martes', '07:00', '09:00'),
(596, 'Jueves', '07:00', '09:00'),
(520, 'Miércoles', '07:00', '09:00'),
(520, 'Viernes', '07:00', '09:00'),
(779, 'Miércoles', '07:00', '09:00'),
(779, 'Viernes', '07:00', '09:00'),
(742, 'Lunes', '07:00', '09:00'),
(742, 'Viernes', '07:00', '09:00'),
(627, 'Miércoles', '07:00', '09:00'),
(627, 'Viernes', '07:00', '09:00'),
(677, 'Miércoles', '09:00', '11:00'),
(677, 'Viernes', '09:00', '11:00'),
(679, 'Miércoles', '09:00', '11:00'),
(679, 'Viernes', '09:00', '11:00'),--calculo
(693, 'Miércoles', '16:00', '18:00'),
(693, 'Viernes', '16:00', '18:00'),
(786, 'Lunes', '11:00', '13:00'),
(786, 'Miércoles', '11:00', '13:00'),
(543, 'Martes', '16:00', '18:00'),
(543, 'Jueves', '16:00', '18:00'),
(717, 'Martes', '16:00', '18:00'),
(717, 'Jueves', '16:00', '18:00'),
(776, 'Martes', '07:00', '09:00'),
(776, 'Jueves', '07:00', '09:00'),
(776, 'Viernes', '18:00', '20:00'),
(645, 'Martes', '18:00', '20:00'),
(645, 'Jueves', '18:00', '20:00'),
(645, 'Viernes', '18:00', '20:00'),
(508, 'Martes', '11:00', '13:00'),
(508, 'Jueves', '11:00', '13:00'),
(508, 'Viernes', '18:00', '20:00'),
(561, 'Lunes', '18:00', '20:00'),
(561, 'Jueves', '18:00', '20:00'),
(561, 'Viernes', '18:00', '20:00'),
(665, 'Miércoles', '07:00', '09:00'),
(665, 'Viernes', '07:00', '09:00'),
(665, 'Viernes', '18:00', '20:00'),
(548, 'Lunes', '07:00', '09:00'),
(548, 'Viernes', '07:00', '09:00'),
(548, 'Viernes', '18:00', '20:00'),
(542, 'Lunes', '18:00', '20:00'),
(542, 'Miércoles', '18:00', '20:00'),
(542, 'Viernes', '18:00', '20:00'),
(601, 'Lunes', '07:00', '09:00'),
(601, 'Miércoles', '07:00', '09:00'),
(601, 'Viernes', '18:00', '20:00'),
(533, 'Lunes', '07:00', '09:00'),
(533, 'Viernes', '07:00', '09:00'),
(533, 'Viernes', '18:00', '20:00'),
(691, 'Lunes', '18:00', '20:00'),
(691, 'Miércoles', '18:00', '20:00'),
(691, 'Viernes', '18:00', '20:00'),
(511, 'Martes', '18:00', '20:00'),
(511, 'Jueves', '18:00', '20:00'),
(511, 'Viernes', '18:00', '20:00'),
(702, 'Lunes', '16:00', '18:00'),
(702, 'Miércoles', '16:00', '18:00'),
(702, 'Viernes', '18:00', '20:00'),
(704, 'Lunes', '07:00', '09:00'),
(704, 'Miércoles', '07:00', '09:00'),
(704, 'Viernes', '18:00', '20:00'),
(659, 'Martes', '07:00', '09:00'),
(659, 'Jueves', '07:00', '09:00'),
(659, 'Viernes', '18:00', '20:00'),
(632, 'Miércoles', '07:00', '09:00'),
(632, 'Viernes', '07:00', '09:00'),
(632, 'Viernes', '18:00', '20:00'),
(515, 'Miércoles', '07:00', '09:00'),
(515, 'Viernes', '07:00', '09:00'),
(515, 'Viernes', '18:00', '20:00'),
(790, 'Martes', '16:00', '18:00'),
(790, 'Jueves', '16:00', '18:00'),
(790, 'Viernes', '18:00', '20:00'),
(694, 'Lunes', '16:00', '18:00'),
(694, 'Miércoles', '16:00', '18:00'),
(694, 'Viernes', '18:00', '20:00'),
(524, 'Lunes', '09:00', '11:00'),
(524, 'Miércoles', '09:00', '11:00'),
(524, 'Viernes', '18:00', '20:00'),
(699, 'Martes', '16:00', '18:00'),
(699, 'Jueves', '16:00', '18:00'),
(699, 'Viernes', '18:00', '20:00'),
(767, 'Miércoles', '16:00', '18:00'),
(767, 'Viernes', '16:00', '18:00'),
(767, 'Viernes', '18:00', '20:00'),
(583, 'Martes', '07:00', '09:00'),
(583, 'Jueves', '07:00', '09:00'),
(583, 'Viernes', '18:00', '20:00'),
(506, 'Martes', '07:00', '09:00'),
(506, 'Jueves', '07:00', '09:00'),
(506, 'Viernes', '18:00', '20:00'),
(757, 'Lunes', '11:00', '13:00'),
(757, 'Miércoles', '11:00', '13:00'),
(757, 'Viernes', '18:00', '20:00'),
(720, 'Lunes', '07:00', '09:00'),
(720, 'Miércoles', '07:00', '09:00'),
(720, 'Viernes', '18:00', '20:00'),
(525, 'Miércoles', '16:00', '18:00'),
(525, 'Viernes', '16:00', '18:00'),
(525, 'Viernes', '18:00', '20:00'),
(616, 'Miércoles', '16:00', '18:00'),
(616, 'Viernes', '16:00', '18:00'),
(616, 'Viernes', '18:00', '20:00'),
(667, 'Miércoles', '16:00', '18:00'),
(667, 'Viernes', '16:00', '18:00'),
(667, 'Viernes', '18:00', '20:00'),
(612, 'Miércoles', '16:00', '18:00'),
(612, 'Viernes', '16:00', '18:00'),
(612, 'Viernes', '18:00', '20:00'),
(562, 'Miércoles', '16:00', '18:00'),
(562, 'Viernes', '16:00', '18:00'),
(562, 'Viernes', '18:00', '20:00'),
(592, 'Miércoles', '16:00', '18:00'),
(592, 'Viernes', '16:00', '18:00'),
(592, 'Viernes', '18:00', '20:00'),
(753, 'Miércoles', '16:00', '18:00'),
(753, 'Viernes', '16:00', '18:00'),
(753, 'Viernes', '18:00', '20:00'),
(683, 'Lunes', '14:00', '17:00'),
(730, 'Lunes', '14:00', '17:00'),
(712, 'Lunes', '14:00', '17:00'),
(773, 'Lunes', '14:00', '17:00'),
(684, 'Lunes', '14:00', '17:00'),
(630, 'Lunes', '14:00', '17:00'),
(611, 'Lunes', '14:00', '17:00'),
(701, 'Lunes', '14:00', '17:00'),
(643, 'Lunes', '14:00', '17:00'),
(546, 'Lunes', '14:00', '17:00'),
(660, 'Lunes', '14:00', '17:00'),
(777, 'Lunes', '14:00', '17:00'),
(582, 'Lunes', '14:00', '17:00'),
(685, 'Lunes', '14:00', '17:00'),
(669, 'Lunes', '14:00', '17:00'),
(710, 'Lunes', '14:00', '17:00'),
(598, 'Lunes', '14:00', '17:00'),
(770, 'Lunes', '14:00', '17:00'),
(599, 'Lunes', '14:00', '17:00'),
(680, 'Lunes', '14:00', '17:00'),
(538, 'Lunes', '14:00', '17:00'),
(553, 'Lunes', '14:00', '17:00'),
(774, 'Lunes', '14:00', '17:00'),
(746, 'Lunes', '14:00', '17:00'),
(697, 'Lunes', '07:00', '10:00'),
(725, 'Miércoles', '09:00', '11:00'),
(756, 'Miércoles', '11:00', '13:00'),
(566, 'Martes', '11:00', '13:00'),
(595, 'Viernes', '07:00', '09:00'),
(654, 'Miércoles', '18:00', '20:00'),
(568, 'Miércoles', '16:00', '18:00'),
(610, 'Lunes', '09:00', '11:00'),
(759, 'Martes', '16:00', '18:00'),
(709, 'Miércoles', '07:00', '09:00'),
(754, 'Martes', '09:00', '11:00'),
(662, 'Martes', '14:00', '16:00'),
(535, 'Miércoles', '14:00', '16:00'),
(585, 'Martes', '16:00', '20:00'),
(558, 'Martes', '07:00', '09:00'),
(664, 'Miércoles', '11:00', '13:00'),
(737, 'Martes', '14:00', '16:00'),
(531, 'Jueves', '14:00', '16:00'),
(743, 'Martes', '16:00', '20:00'),
(523, 'Miércoles', '14:00', '16:00'),
(567, 'Lunes', '07:00', '09:00'),
(516, 'Martes', '07:00', '09:00'),
(636, 'Lunes', '07:00', '09:00'),
(798, 'Lunes', '09:00', '11:00'),
(557, 'Lunes', '07:00', '09:00'),
(591, 'Miércoles', '09:00', '11:00'),
(518, 'Viernes', '09:00', '11:00'),
(716, 'Viernes', '18:00', '20:00'),
(634, 'Lunes', '09:00', '11:00'),
(718, 'Miércoles', '09:00', '11:00'),
(565, 'Miércoles', '16:00', '18:00'),
(565, 'Jueves', '16:00', '18:00'),
(526, 'Jueves', '09:00', '11:00'),
(526, 'Martes', '09:00', '11:00'),
(534, 'Jueves', '14:00', '16:00'),
(534, 'Martes', '14:00', '16:00'),
(729, 'Miércoles', '14:00', '16:00'),
(729, 'Viernes', '14:00', '16:00'),
(578, 'Martes', '16:00', '18:00'),
(578, 'Jueves', '16:00', '18:00'),
(648, 'Martes', '17:00', '19:00'),
(648, 'Jueves', '17:00', '19:00'),
(769, 'Miércoles', '14:00', '16:00'),
(769, 'Viernes', '14:00', '16:00'),
(509, 'Lunes', '11:00', '13:00'),
(509, 'Miércoles', '11:00', '13:00'),
(505, 'Lunes', '11:00', '13:00'),
(505, 'Miércoles', '14:00', '16:00'),
(505, 'Viernes', '14:00', '16:00'),
(559, 'Lunes', '11:00', '13:00'),
(559, 'Martes', '11:00', '13:00'),
(686, 'Martes', '07:00', '09:00'),
(686, 'Jueves', '07:00', '09:00'),
(547, 'Lunes', '11:00', '13:00'),
(547, 'Martes', '11:00', '13:00'),
(522, 'Miércoles', '09:00', '11:00'),
(522, 'Viernes', '09:00', '11:00'),
(633, 'Martes', '14:00', '16:00'),
(633, 'Jueves', '14:00', '16:00'),
(732, 'Miércoles', '07:00', '09:00'),
(732, 'Viernes', '07:00', '09:00'),
(647, 'Lunes', '07:00', '09:00'),
(647, 'Miércoles', '07:00', '09:00'),
(782, 'Lunes', '16:00', '18:00'),
(782, 'Miércoles', '16:00', '18:00'),
(762, 'Lunes', '18:00', '21:00'),
(762, 'Miércoles', '18:00', '21:00'),
(788, 'Martes', '18:00', '21:00'),
(788, 'Jueves', '18:00', '21:00'),
(728, 'Miércoles', '07:00', '09:00'),
(728, 'Viernes', '07:00', '09:00'),
(796, 'Miércoles', '16:00', '18:00'),
(796, 'Viernes', '16:00', '18:00'),
(676, 'Miércoles', '09:00', '11:00'),
(676, 'Viernes', '09:00', '11:00'),
(644, 'Martes', '07:00', '09:00'),
(707, 'Viernes', '14:00', '16:00'),
(661, 'Viernes', '11:00', '13:00'),
(589, 'Jueves', '14:00', '16:00'),
(735, 'Miércoles', '11:00', '13:00'),
(705, 'Lunes', '09:00', '11:00'),
(560, 'Miércoles', '07:00', '09:00'),
(688, 'Lunes', '11:00', '13:00'),
(550, 'Martes', '18:00', '20:00'),
(624, 'Jueves', '18:00', '20:00'),
(781, 'Martes', '09:00', '11:00'),
(781, 'Jueves', '09:00', '11:00'),
(771, 'Martes', '14:00', '16:00'),
(771, 'Jueves', '14:00', '16:00'),
(663, 'Miércoles', '14:00', '17:00'),
(663, 'Viernes', '14:00', '17:00'),
(530, 'Miércoles', '07:00', '09:00'),
(530, 'Viernes', '07:00', '09:00'),
(590, 'Martes', '09:00', '11:00'),
(590, 'Jueves', '09:00', '11:00'),
(607, 'Martes', '18:00', '20:00'),
(607, 'Jueves', '18:00', '20:00'),
(745, 'Martes', '09:00', '12:00'),
(745, 'Jueves', '09:00', '12:00'),
(552, 'Martes', '09:00', '12:00'),
(552, 'Jueves', '09:00', '12:00'),
(575, 'Lunes', '09:00', '11:00'),
(575, 'Jueves', '09:00', '11:00'),
(744, 'Miércoles', '16:00', '18:00'),
(744, 'Viernes', '16:00', '18:00'),
(649, 'Lunes', '07:00', '09:00'),
(649, 'Viernes', '07:00', '09:00'),
(755, 'Miércoles', '16:00', '18:00'),
(755, 'Viernes', '16:00', '18:00'),
(502, 'Lunes', '09:00', '11:00'),
(502, 'Miércoles', '09:00', '11:00'),
(739, 'Martes', '07:00', '09:00'),
(549, 'Jueves', '14:00', '17:00'),
(791, 'Viernes', '09:00', '11:00'),
(696, 'Jueves', '14:00', '16:00'),
(724, 'Lunes', '14:00', '16:00'),
(540, 'Jueves', '11:00', '13:00'),
(778, 'Jueves', '07:00', '09:00'),
(800, 'Miércoles', '11:00', '13:00'),
(541, 'Miércoles', '11:00', '13:00'),
(541, 'Viernes', '11:00', '13:00'),
(571, 'Martes', '09:00', '11:00'),
(571, 'Jueves', '09:00', '11:00'),
(772, 'Martes', '09:00', '11:00'),
(772, 'Jueves', '09:00', '11:00'),
(528, 'Lunes', '16:00', '18:00'),
(528, 'Miércoles', '16:00', '18:00'),
(614, 'Martes', '16:00', '18:00'),
(614, 'Jueves', '16:00', '18:00'),
(787, 'Martes', '16:00', '18:00'),
(787, 'Jueves', '16:00', '18:00'),
(594, 'Jueves', '14:00', '17:00'),
(673, 'Miércoles', '18:00', '20:00'),
(673, 'Viernes', '18:00', '20:00'),
(692, 'Lunes', '14:00', '17:00'),
(692, 'Miércoles', '14:00', '17:00'),
(586, 'Martes', '14:00', '17:00'),
(586, 'Jueves', '14:00', '17:00'),
(719, 'Martes', '14:00', '17:00'),
(719, 'Jueves', '14:00', '17:00'),
(789, 'Miércoles', '14:00', '17:00'),
(789, 'Viernes', '14:00', '17:00'),
(628, 'Miércoles', '14:00', '17:00'),
(628, 'Viernes', '14:00', '17:00'),
(504, 'Martes', '09:00', '11:00'),
(504, 'Jueves', '09:00', '11:00'),
(617, 'Lunes', '09:00', '11:00'),
(617, 'Miércoles', '09:00', '11:00'),
(736, 'Miércoles', '07:00', '09:00'),
(736, 'Viernes', '07:00', '09:00'),
(784, 'Martes', '09:00', '11:00'),
(784, 'Jueves', '09:00', '11:00'),
(656, 'Martes', '09:00', '11:00'),
(656, 'Jueves', '09:00', '11:00'),
(608, 'Martes', '16:00', '18:00'),
(608, 'Jueves', '16:00', '18:00'),
(574, 'Martes', '18:00', '21:00'),
(731, 'Martes', '16:00', '18:00'),
(752, 'Jueves', '16:00', '18:00'),
(785, 'Martes', '14:00', '16:00'),
(785, 'Jueves', '14:00', '16:00'),
(666, 'Martes', '09:00', '11:00'),
(666, 'Jueves', '09:00', '11:00'),
(551, 'Martes', '09:00', '11:00'),
(551, 'Jueves', '09:00', '11:00'),
(689, 'Martes', '09:00', '11:00'),
(689, 'Jueves', '09:00', '11:00'),
(536, 'Miércoles', '09:00', '11:00'),
(536, 'Viernes', '09:00', '11:00'),
(706, 'Miércoles', '14:00', '16:00'),
(706, 'Viernes', '14:00', '16:00'),
(668, 'Miércoles', '18:00', '20:00'),
(668, 'Viernes', '18:00', '20:00'),
(625, 'Lunes', '07:00', '09:00'),
(625, 'Miércoles', '07:00', '09:00'),
(569, 'Miércoles', '11:00', '13:00'),
(569, 'Viernes', '11:00', '13:00'),
(758, 'Miércoles', '11:00', '13:00'),
(758, 'Viernes', '11:00', '13:00'),
(674, 'Miércoles', '14:00', '16:00'),
(674, 'Viernes', '14:00', '16:00'),
(580, 'Martes', '09:00', '11:00'),
(580, 'Jueves', '09:00', '11:00'),
(733, 'Lunes', '14:00', '17:00'),
(588, 'Jueves', '16:00', '19:00'),
(768, 'Viernes', '14:00', '17:00'),
(748, 'Viernes', '09:00', '12:00'),
(792, 'Miércoles', '09:00', '12:00'),
(631, 'Miércoles', '14:00', '16:00'),
(631, 'Viernes', '14:00', '16:00'),
(682, 'Miércoles', '07:00', '09:00'),
(682, 'Viernes', '07:00', '09:00'),
(519, 'Miércoles', '07:00', '09:00'),
(519, 'Viernes', '07:00', '09:00'),
(687, 'Martes', '07:00', '09:00'),
(687, 'Jueves', '07:00', '09:00'),
(602, 'Martes', '07:00', '09:00'),
(602, 'Jueves', '07:00', '09:00'),
(698, 'Martes', '09:00', '11:00'),
(698, 'Jueves', '09:00', '11:00'),
(597, 'Martes', '14:00', '17:00'),
(635, 'Martes', '18:00', '20:00'),
(657, 'Miércoles', '14:00', '17:00'),
(642, 'Martes', '07:00', '10:00'),
(641, 'Lunes', '18:00', '21:00'),
(512, 'Lunes', '16:00', '18:00'),
(554, 'Martes', '11:00', '13:00'),
(603, 'Martes', '18:00', '20:00'),
(572, 'Viernes', '14:00', '16:00'),
(727, 'Viernes', '11:00', '13:00'),
(622, 'Lunes', '09:00', '11:00'),
(646, 'Miércoles', '14:00', '16:00'),
(532, 'Jueves', '14:00', '16:00'),
(545, 'Miércoles', '14:00', '16:00'),
(545, 'Viernes', '14:00', '16:00'),
(537, 'Martes', '14:00', '16:00'),
(537, 'Jueves', '14:00', '16:00'),
(501, 'Martes', '15:00', '17:00'),
(501, 'Jueves', '15:00', '17:00'),
(653, 'Martes', '17:00', '19:00'),
(653, 'Jueves', '17:00', '19:00'),
(619, 'Lunes', '09:00', '11:00'),
(619, 'Miércoles', '09:00', '11:00'),
(563, 'Lunes', '11:00', '13:00'),
(563, 'Miércoles', '11:00', '13:00'),
(740, 'Lunes', '09:00', '11:00'),
(740, 'Miércoles', '09:00', '11:00'),
(723, 'Jueves', '14:00', '17:00'),
(750, 'Viernes', '09:00', '12:00'),
(655, 'Lunes', '09:00', '12:00'),
(690, 'Lunes', '09:00', '12:00'),
(521, 'Miércoles', '11:00', '14:00'),
(573, 'Jueves', '11:00', '14:00'),
(593, 'Miércoles', '14:00', '16:00'),
(593, 'Viernes', '14:00', '16:00'),
(713, 'Miércoles', '09:00', '11:00'),
(713, 'Viernes', '09:00', '11:00'),
(749, 'Martes', '09:00', '11:00'),
(749, 'Jueves', '09:00', '11:00'),
(620, 'Miércoles', '11:00', '13:00'),
(620, 'Viernes', '11:00', '13:00'),
(761, 'Lunes', '11:00', '13:00'),
(681, 'Martes', '18:00', '21:00'),
(510, 'Jueves', '18:00', '21:00'),
(618, 'Viernes', '07:00', '09:00'),
(577, 'Miércoles', '16:00', '18:00'),
(765, 'Miércoles', '09:00', '11:00'),
(738, 'Martes', '07:00', '09:00'),
(671, 'Viernes', '14:00', '16:00'),
(507, 'Viernes', '11:00', '13:00'),
(675, 'Jueves', '14:00', '16:00'),
(764, 'Miércoles', '11:00', '13:00'),
(766, 'Lunes', '09:00', '11:00'),
(734, 'Martes', '14:00', '17:00'),
(564, 'Jueves', '14:00', '17:00'),
(741, 'Miércoles', '14:00', '17:00'),
(760, 'Miércoles', '07:00', '10:00'),
(714, 'Viernes', '07:00', '10:00'),
(678, 'Martes', '09:00', '12:00'),
(570, 'Jueves', '09:00', '11:00'),
(715, 'Martes', '18:00', '20:00'),
(672, 'Jueves', '18:00', '20:00'),
(651, 'Martes', '09:00', '12:00'),
(722, 'Jueves', '09:00', '12:00'),
(637, 'Lunes', '09:00', '11:00'),
(708, 'Jueves', '09:00', '11:00'),
(629, 'Miércoles', '16:00', '18:00'),
(775, 'Viernes', '16:00', '18:00'),
(615, 'Lunes', '07:00', '09:00'),
(503, 'Viernes', '07:00', '09:00')
ON CONFLICT (id_clase, dia, hora_inicio, hora_fin) DO NOTHING;



--Inserts de la tabla Semestre_sugerido
INSERT INTO Semestre_Sugerido (id_curso, semestre, tipo_curso) VALUES
(1295, 1, 'Núcleo de Formación Fundamental'),
(33518, 1, 'Núcleo de Formación Fundamental'),
(33698, 1, 'Núcleo de Formación Fundamental'),
(4075, 1, 'Núcleo de Formación Fundamental'),
(33763, 1, 'Núcleo de Formación Fundamental'),
(34809, 1, 'Núcleo de Formación Fundamental'),
(1297, 2, 'Núcleo de Formación Fundamental'),
(1290, 2, 'Núcleo de Formación Fundamental'),
(33699, 2, 'Núcleo de Formación Fundamental'),
(34816, 2, 'Núcleo de Formación Fundamental'),
(33733, 2, 'Núcleo de Formación Fundamental'),
(34580, 2, 'Núcleo de Formación Fundamental'),
(33732, 3, 'Núcleo de Formación Fundamental'),
(33700, 3, 'Núcleo de Formación Fundamental'),
(34805, 3, 'Núcleo de Formación Fundamental'),
(4190, 3, 'Núcleo de Formación Fundamental'),
(2544, 3, 'Núcleo de Formación Fundamental'),
(4196, 4, 'Núcleo de Formación Fundamental'),
(4082, 4, 'Núcleo de Formación Fundamental'),
(34803, 4, 'Núcleo de Formación Fundamental'),
(34806, 4, 'Núcleo de Formación Fundamental'),
(4085, 4, 'Núcleo de Formación Fundamental'),
(1299, 5, 'Núcleo de Formación Fundamental'),
(34801, 5, 'Núcleo de Formación Fundamental'),
(34810, 5, 'Núcleo de Formación Fundamental'),
(22586, 5, 'Núcleo de Formación Fundamental'),
(1340, 6, 'Núcleo de Formación Fundamental'),
(1300, 6, 'Núcleo de Formación Fundamental'),
(34866, 6, 'Núcleo de Formación Fundamental'),
(3194, 6, 'Núcleo de Formación Fundamental'),
(34807, 6, 'Núcleo de Formación Fundamental'),
(34808, 6, 'Núcleo de Formación Fundamental'),
(2476, 6, 'Núcleo de Formación Fundamental'),
(1291, 7, 'Núcleo de Formación Fundamental'),
(4084, 7, 'Núcleo de Formación Fundamental'),
(31339, 7, 'Énfasis'),
(4185, 7, 'Núcleo de Formación Fundamental'),
(5100, 7, 'Núcleo de Formación Fundamental'),
(34863, 7, 'Núcleo de Formación Fundamental'),
(34802, 8, 'Núcleo de Formación Fundamental'),
(34814, 8, 'Énfasis'),
(34804, 8, 'Núcleo de Formación Fundamental'),
(16143, 8, 'Núcleo de Formación Fundamental'),
(2356, 8, 'Núcleo de Formación Fundamental')
ON CONFLICT (id_curso, semestre) DO NOTHING;